cases,seed,method,dissipation_coverage,dissipation_width,dissipation_error,steepness_coverage,steepness_width,steepness_error
8,0,Bayesian ridge,0.5166666666666667,0.21590622590449862,0.11274916444887288,0.3333333333333333,0.17055506792338615,0.22026290713860444
8,0,POPS hypercube,0.5,0.207957210405317,0.11579537671358103,0.4166666666666667,0.1646134486414591,0.24439514328672063
8,0,POPS ellipse,0.5833333333333334,0.20766990614479425,0.11425837000329389,0.4,0.2477623035139051,0.2221921734960015
8,0,Ellipse+EB,0.7166666666666667,0.47906704596398897,0.10772366321466256,0.5166666666666667,0.40319097693366224,0.22089834458869784
8,0,Ellipse+PAC,0.7333333333333333,0.6969845262453261,0.1489355293237109,0.6,0.655961123582155,0.2607146133268387
8,0,Bayesian stacking,0.6,0.4585724263945634,0.12880860066655292,0.35,0.3357102885548357,0.28586592824670864
8,0,PVI,0.65,0.24087023795318518,0.08101249524421202,0.45,0.22176128383291088,0.18165895764358067
8,1,Bayesian ridge,0.5333333333333333,0.3711483653999599,0.1282183098132864,0.4166666666666667,0.22523824103315115,0.18310127665874115
8,1,POPS hypercube,0.5166666666666667,0.269559191020604,0.12983843289428962,0.3,0.1467388918569279,0.17643771491231539
8,1,POPS ellipse,0.8,0.6183112835306614,0.1254547406480441,0.55,0.33572223005733187,0.18334412570490405
8,1,Ellipse+EB,0.9833333333333333,0.9380228485346827,0.14139349368858772,0.7166666666666667,0.48093499288153696,0.18296019885923287
8,1,Ellipse+PAC,1.0,53.94364137674343,0.5966229011888504,1.0,4.403412900408331,0.32142308164782485
8,1,Bayesian stacking,0.8666666666666667,0.9662690122922064,0.14208791569309046,0.6333333333333333,0.6493801170792548,0.15623719646834577
8,1,PVI,0.85,0.5792509747167536,0.16785517667107525,0.5166666666666667,0.33286761130374665,0.19557845316021666
8,2,Bayesian ridge,0.9666666666666667,0.5294452502371961,0.07797728233914814,0.5666666666666667,0.35015466465658046,0.24675627333923855
8,2,POPS hypercube,0.65,0.3505284576003777,0.14670480766381022,0.23333333333333334,0.26982302209531805,0.26568374102302944
8,2,POPS ellipse,0.9833333333333333,0.7548524960097058,0.08314808790076922,0.6333333333333333,0.5163853986119153,0.23713118542908102
8,2,Ellipse+EB,1.0,0.8853567165357765,0.07584947737411038,0.7,0.5891682854657256,0.22318892519826508
8,2,Ellipse+PAC,0.9666666666666667,3.519403799598712,0.1400301011512839,0.95,1.2763772201625507,0.15669170688123013
8,2,Bayesian stacking,0.9833333333333333,0.9273603808245421,0.15412853625377182,0.5,0.5753761632345084,0.368036876354751
8,2,PVI,0.7666666666666667,1.2117610112404236,0.2639029834589006,0.6,0.7328175348543158,0.29440983938355814
8,3,Bayesian ridge,0.2833333333333333,0.1405059968603456,0.1690746584758283,0.16666666666666666,0.1114282837091773,0.2378214881283236
8,3,POPS hypercube,0.18333333333333332,0.09286548636308328,0.1426053203015053,0.15,0.09163894697021585,0.21331345615648573
8,3,POPS ellipse,0.26666666666666666,0.14431716163273683,0.16873752538993236,0.2,0.1433162300289168,0.23789770457337767
8,3,Ellipse+EB,0.4,0.20208541382331718,0.16635759896971758,0.3,0.18163251998981317,0.23649716466519283
8,3,Ellipse+PAC,1.0,2.056920111846055,0.17711036004478342,0.6,0.5568365796882693,0.2666694199140752
8,3,Bayesian stacking,0.3,0.2625950087575123,0.18036487374709376,0.3,0.22634013179150805,0.2639111874294924
8,3,PVI,0.55,0.2572456349082523,0.11508342298794316,0.35,0.17973997097383343,0.20928568893898414
8,4,Bayesian ridge,0.5,0.33637442095682113,0.19803902575708898,0.4,0.259428466306528,0.29666274045097374
8,4,POPS hypercube,0.36666666666666664,0.3048162481204203,0.2226427262597041,0.25,0.22584322427586234,0.28921444796260715
8,4,POPS ellipse,0.6666666666666666,0.4488388015967387,0.20281872662885322,0.35,0.31119972689922615,0.29479169761350943
8,4,Ellipse+EB,0.7666666666666667,0.5914889204681884,0.1989557465714198,0.48333333333333334,0.4311760179222942,0.29933727768829094
8,4,Ellipse+PAC,1.0,6.021934373970165,0.30908210030286465,0.8666666666666667,2.44302331347594,0.25977542367558976
8,4,Bayesian stacking,0.6833333333333333,0.4444522140574504,0.1398192049257524,0.48333333333333334,0.34455532777918824,0.2281088368467378
8,4,PVI,0.7666666666666667,0.5869144260595254,0.2352651151477723,0.45,0.46011719948047736,0.3596460782596386
8,5,Bayesian ridge,0.6666666666666666,0.18843071778330214,0.07115230787142197,0.45,0.13088471589911307,0.15524840469047244
8,5,POPS hypercube,0.5666666666666667,0.18618904735378944,0.062069975881214275,0.35,0.13464139697626137,0.16314331886751265
8,5,POPS ellipse,0.8666666666666667,0.5029781075867773,0.07191631788252723,0.5666666666666667,0.31874200033127204,0.15474501318012385
8,5,Ellipse+EB,0.9,0.5477354689359266,0.07307040588189317,0.6,0.3604070706809417,0.15412500115176625
8,5,Ellipse+PAC,0.95,1.7031290284642238,0.13540259977623909,0.7333333333333333,0.8655805515840187,0.13964194004650626
8,5,Bayesian stacking,0.6833333333333333,0.38613061850615177,0.04475310850816171,0.4666666666666667,0.38553192178691786,0.16476614574572696
8,5,PVI,0.7333333333333333,0.43960788180021915,0.07056931500072106,0.5,0.30997138476797176,0.17858543390088877
8,6,Bayesian ridge,0.4,0.1775287534537383,0.13769797117104077,0.2833333333333333,0.1463116785315177,0.20811115218988635
8,6,POPS hypercube,0.2,0.08885716217356354,0.1370171375496992,0.13333333333333333,0.07118741893266678,0.21142945073023411
8,6,POPS ellipse,0.48333333333333334,0.2213705100755066,0.1354666673610569,0.2833333333333333,0.14820332862824045,0.20614997846197167
8,6,Ellipse+EB,0.5666666666666667,0.23418684329279946,0.13505233034110042,0.3333333333333333,0.1873214351664851,0.20502326561838746
8,6,Ellipse+PAC,0.7666666666666667,0.5546333191129416,0.10883387046700499,0.45,0.38947569542884164,0.18978152861986963
8,6,Bayesian stacking,0.5833333333333334,0.39463478204674307,0.1337046517214645,0.43333333333333335,0.27580792009766,0.20578077442447096
8,6,PVI,0.4666666666666667,0.3256576581332673,0.1991760317526423,0.21666666666666667,0.19998649556776693,0.24698583715030603
8,7,Bayesian ridge,0.6,0.1813041210989555,0.08447484694997151,0.36666666666666664,0.11074290506541926,0.12330836291336528
8,7,POPS hypercube,0.26666666666666666,0.08176527609809257,0.08566576233861248,0.2,0.05168416112343567,0.1220737483550591
8,7,POPS ellipse,0.6833333333333333,0.21538859748600533,0.08286046868465055,0.3333333333333333,0.11550607164001184,0.12227613060094117
8,7,Ellipse+EB,0.7833333333333333,0.288145751267989,0.08298864707745077,0.45,0.1582237719779,0.12201516015178947
8,7,Ellipse+PAC,1.0,8.5491551493722,0.2910887970363003,0.9833333333333333,2.21808473727375,0.24178179639890623
8,7,Bayesian stacking,0.7166666666666667,0.5691757702377007,0.07185912128577285,0.45,0.44655678153008393,0.12910823272831634
8,7,PVI,0.8666666666666667,0.5920536435018147,0.04226033064107136,0.5333333333333333,0.3211997273265537,0.15268326808815802
8,8,Bayesian ridge,0.7333333333333333,0.4156788442968363,0.06306746248059804,0.5333333333333333,0.2790397770860613,0.12136875217122806
8,8,POPS hypercube,0.75,0.3141017938782503,0.04776057585495673,0.45,0.20365783811152247,0.12988574286921228
8,8,POPS ellipse,0.9333333333333333,0.6965269974765973,0.06701267600654964,0.5666666666666667,0.45545526794327695,0.11423496213789126
8,8,Ellipse+EB,0.95,0.7906432142183574,0.07240403716492584,0.6333333333333333,0.4766081065639573,0.11622030375887825
8,8,Ellipse+PAC,0.9833333333333333,645.8533438750485,0.3353416828396262,0.9833333333333333,20.14933644982532,0.2951654670064512
8,8,Bayesian stacking,0.75,0.6716465589379788,0.14491626949345718,0.5333333333333333,0.5604140147233168,0.2930649933488493
8,8,PVI,0.55,0.5776860982500525,0.2875523173747973,0.43333333333333335,0.3629550307404405,0.3605768573003651
8,9,Bayesian ridge,0.21666666666666667,0.3004144245825865,0.3265758872044525,0.3,0.2655799449680787,0.3419572992244517
8,9,POPS hypercube,0.6,0.399117683369005,0.1137161227324823,0.5833333333333334,0.3335240295498253,0.12538713928350886
8,9,POPS ellipse,0.7333333333333333,0.6602070545449306,0.33489056915631055,0.55,0.5138826720255285,0.3524996942106985
8,9,Ellipse+EB,0.8166666666666667,0.7566259528807724,0.3135824733271154,0.6166666666666667,0.6412725788798802,0.3521605908491643
8,9,Ellipse+PAC,0.8333333333333334,1.6573481065306397,0.2928439024777889,0.7333333333333333,1.1064345702462988,0.29744624999124686
8,9,Bayesian stacking,0.5833333333333334,0.6181284760024955,0.35077393098419984,0.4166666666666667,0.4630051664252285,0.36377870333563184
8,9,PVI,0.4166666666666667,0.4812570403448925,0.4008977918324357,0.31666666666666665,0.34877875349124754,0.42400981802331317
8,10,Bayesian ridge,0.5333333333333333,0.08654121948777144,0.042922810152795254,0.2,0.06270702989111773,0.19334970943536497
8,10,POPS hypercube,0.45,0.09470052469358664,0.0547427692604333,0.26666666666666666,0.07788949944491741,0.18497113683103855
8,10,POPS ellipse,0.6,0.17011612678874471,0.047369113122691944,0.35,0.14691626354277254,0.19231898262724542
8,10,Ellipse+EB,0.7166666666666667,0.25464194930355616,0.04502307854957298,0.45,0.20155695431884196,0.19212415313102987
8,10,Ellipse+PAC,0.7166666666666667,0.8443233108563585,0.047275001661885474,0.5,0.5408727206133888,0.18991236725370142
8,10,Bayesian stacking,0.5666666666666667,0.4144753857822949,0.05305125055350894,0.35,0.38203083298122664,0.1930442269165552
8,10,PVI,0.6833333333333333,0.1913431558500278,0.05605295410232275,0.35,0.1473930164848807,0.19475427595061467
8,11,Bayesian ridge,0.38333333333333336,0.11420663466055055,0.10751522261825439,0.26666666666666666,0.0854408059693827,0.2153018702032288
8,11,POPS hypercube,0.43333333333333335,0.14795395958703342,0.10805582581254763,0.3,0.12800066086700496,0.24117482879229746
8,11,POPS ellipse,0.6333333333333333,0.2852799978014965,0.10934339235559527,0.38333333333333336,0.2155514834677602,0.21531550124670953
8,11,Ellipse+EB,0.7,0.4013697700455593,0.11159298022751703,0.4666666666666667,0.2971769572553757,0.21321748377778005
8,11,Ellipse+PAC,0.6166666666666667,0.4293292856605445,0.1917190068026331,0.55,0.4289778380407133,0.24155387242550785
8,11,Bayesian stacking,0.43333333333333335,0.12702360713808666,0.10797672435037971,0.35,0.10674643650038432,0.20992795903261596
8,11,PVI,0.7,0.3366714798190703,0.08371506639657122,0.4166666666666667,0.2413150542386887,0.21413645814505017
8,12,Bayesian ridge,0.7333333333333333,0.5779036352092892,0.095568656072059,0.5166666666666667,0.4039759429468348,0.17402619932215752
8,12,POPS hypercube,0.85,0.4294652355723626,0.09884102230889923,0.45,0.250425213032035,0.16529212200622231
8,12,POPS ellipse,0.8666666666666667,0.5283739587472824,0.09345661689698265,0.55,0.3426501375103859,0.17708056246846543
8,12,Ellipse+EB,0.8833333333333333,0.8741414598319499,0.09415285344765338,0.6166666666666667,0.5765796577269562,0.17188707934119138
8,12,Ellipse+PAC,0.9666666666666667,9.172397063292646,0.26053683912619907,0.8166666666666667,2.763775380278453,0.26747416774248767
8,12,Bayesian stacking,0.7666666666666667,0.705360961753587,0.12416092389098776,0.5333333333333333,0.45408003143556736,0.20697598536281064
8,12,PVI,0.85,0.6857856859412628,0.09952108786664107,0.5666666666666667,0.41979290084299936,0.1926634158319982
8,13,Bayesian ridge,0.7833333333333333,0.641692318046992,0.2160485347594221,0.5666666666666667,0.5268046781872672,0.2267288594430461
8,13,POPS hypercube,0.85,0.7645016422748232,0.2169943185237076,0.5166666666666667,0.4164575397380449,0.19728907065065404
8,13,POPS ellipse,0.8833333333333333,1.405209471160862,0.22500169813470977,0.6666666666666666,0.9106610249445786,0.21837164812471171
8,13,Ellipse+EB,0.9833333333333333,1.7671853134263749,0.2313900478303985,0.7333333333333333,1.2348500181729258,0.22837501716930092
8,13,Ellipse+PAC,0.9666666666666667,8.466218968925439,0.5193820067563732,1.0,2.540272417862984,0.4502557814036058
8,13,Bayesian stacking,0.9166666666666666,0.8859854135595501,0.14141784723906609,0.6166666666666667,0.5310014679587363,0.2894350759283493
8,13,PVI,0.9666666666666667,2.0724050948644814,0.5607245651226469,0.6666666666666666,0.91512761745819,0.44444732443646473
8,14,Bayesian ridge,0.6,0.22424087949542998,0.12718862397791175,0.45,0.21137378631121911,0.1922445641431858
8,14,POPS hypercube,0.26666666666666666,0.14926837979508156,0.12136578678126207,0.3333333333333333,0.11315036213401111,0.17496470541495965
8,14,POPS ellipse,0.4666666666666667,0.23887363935380196,0.1276219986464013,0.4666666666666667,0.20534340935626427,0.19080716650602744
8,14,Ellipse+EB,0.75,0.44523076142371143,0.12522470512324646,0.5333333333333333,0.3249960691210238,0.18209931797679996
8,14,Ellipse+PAC,0.85,1.1579260992934672,0.10905782073913425,0.6333333333333333,0.5964922921204027,0.20569169003770332
8,14,Bayesian stacking,0.6333333333333333,0.2269997842048858,0.15027860539226448,0.5,0.2388381608291279,0.31110680062176355
8,14,PVI,0.7,0.47368019073736567,0.12162375572415546,0.45,0.2829993847232919,0.22081205424966283
8,15,Bayesian ridge,0.65,0.2957258906743372,0.12612146312643768,0.48333333333333334,0.2595494363930313,0.17991145901124225
8,15,POPS hypercube,0.48333333333333334,0.23774995198100088,0.14032726022749023,0.43333333333333335,0.1652286598165167,0.1800287913888522
8,15,POPS ellipse,0.5833333333333334,0.3433588827623105,0.12548466739562514,0.43333333333333335,0.24930776994418974,0.18001732430744444
8,15,Ellipse+EB,0.7666666666666667,0.4504984278092402,0.12287193309210515,0.5,0.34378393037362637,0.1790059953390772
8,15,Ellipse+PAC,0.95,2.0900591844092107,0.25444920593978193,0.7666666666666667,1.2886266217407942,0.29772559691405603
8,15,Bayesian stacking,0.6666666666666666,0.5088750099411015,0.13218058635839808,0.5166666666666667,0.33670605185355007,0.18328653725426752
8,15,PVI,0.7666666666666667,0.48947885642021616,0.09878461005635564,0.4666666666666667,0.33747437509185413,0.2522815111989355
8,16,Bayesian ridge,0.13333333333333333,0.1375060109139582,0.20839043064807022,0.11666666666666667,0.13903074982340838,0.2839418614718424
8,16,POPS hypercube,0.05,0.08697977543903014,0.21654719305843312,0.08333333333333333,0.09378486080132586,0.28933366808874295
8,16,POPS ellipse,0.23333333333333334,0.16584393876906856,0.2041362982074446,0.26666666666666666,0.13686625308148348,0.27847533607475694
8,16,Ellipse+EB,0.36666666666666664,0.2320111907511283,0.2074449637539333,0.31666666666666665,0.23866176751749762,0.2825837387065309
8,16,Ellipse+PAC,0.6833333333333333,0.2300080109085595,0.20981531048833862,0.5,0.20036034934307634,0.30966139156045513
8,16,Bayesian stacking,0.35,0.3877966927698119,0.22066268583079895,0.25,0.35220716876528557,0.2965500667983675
8,16,PVI,0.7166666666666667,0.32723446149247365,0.1257002993448056,0.45,0.25916857165499385,0.22716064727418817
8,17,Bayesian ridge,0.18333333333333332,0.15379157374558772,0.1644379038611366,0.15,0.13197577768292665,0.2198974796041439
8,17,POPS hypercube,0.1,0.10205666605882671,0.14846950377655038,0.05,0.08956980132596509,0.2085999430329777
8,17,POPS ellipse,0.6666666666666666,0.37380168167310746,0.1616686242791954,0.5166666666666667,0.25310606660551116,0.21000617270365862
8,17,Ellipse+EB,0.9,0.5408698799799108,0.16900764141881094,0.5666666666666667,0.389856817160262,0.21746527805526805
8,17,Ellipse+PAC,0.9,0.973295287137793,0.07884021942647315,0.5333333333333333,0.6517484690575962,0.18617862386149742
8,17,Bayesian stacking,0.6,0.46678857083571146,0.16395870792536255,0.4,0.3957675389157111,0.24452039800783126
8,17,PVI,0.8,0.4928509395380035,0.17169915062169064,0.5333333333333333,0.33302820720478743,0.19423657113842283
8,18,Bayesian ridge,0.2,0.04729520201467824,0.06464077488306208,0.23333333333333334,0.037032391141946876,0.18169026136605188
8,18,POPS hypercube,0.26666666666666666,0.042863261551839366,0.0581327997768752,0.23333333333333334,0.044698435671942205,0.17865503836995283
8,18,POPS ellipse,0.2833333333333333,0.06786632239296697,0.06470140807894989,0.31666666666666665,0.06165869601941322,0.18066258820263842
8,18,Ellipse+EB,0.5666666666666667,0.15329282334814326,0.06785689826458396,0.38333333333333336,0.11968455057690872,0.18091998874501755
8,18,Ellipse+PAC,0.9166666666666666,2.480686453837195,0.10589126571003701,0.7666666666666667,1.2266086641985008,0.18407439707255024
8,18,Bayesian stacking,0.5,0.3175896169694418,0.06315265011560275,0.38333333333333336,0.22426202230476644,0.18217410728253275
8,18,PVI,0.43333333333333335,0.12436294818936988,0.0639744667651933,0.31666666666666665,0.11432203600215934,0.16457253321535498
8,19,Bayesian ridge,0.7,0.31418806327554516,0.061719740573376584,0.48333333333333334,0.2332840908046811,0.15086864654613535
8,19,POPS hypercube,0.6333333333333333,0.2276305923542266,0.0669946753329135,0.35,0.15618090821122657,0.11899143218673953
8,19,POPS ellipse,0.85,0.3798226294030876,0.06533274237546165,0.4666666666666667,0.2795219929843755,0.15027854807728874
8,19,Ellipse+EB,0.8833333333333333,0.4274225090771774,0.06408101629842254,0.55,0.31000808213571746,0.14815929650624057
8,19,Ellipse+PAC,0.85,0.5644279038887237,0.07806521552344972,0.5166666666666667,0.41232162172927544,0.14898660326185126
8,19,Bayesian stacking,0.7166666666666667,0.26697520075038494,0.04297963164565035,0.48333333333333334,0.19439433132740946,0.16426023601954462
8,19,PVI,0.8,0.33351939319779045,0.036319283555825324,0.3,0.17218373051840452,0.16383008161185386
16,0,Bayesian ridge,0.7,0.21181484579411305,0.05754249465824847,0.45,0.15241354375613658,0.1254330098631125
16,0,POPS hypercube,0.8166666666666667,0.34248555265826364,0.07345386900869642,0.5333333333333333,0.23633650056473726,0.14214118809286158
16,0,POPS ellipse,0.75,0.34487106923120886,0.057400880462428,0.55,0.23106988914983953,0.12451484767115525
16,0,Ellipse+EB,0.8333333333333334,0.45137619813322205,0.056454505467552464,0.5666666666666667,0.33842824223866286,0.1235846618767169
16,0,Ellipse+PAC,0.9166666666666666,0.5522408153215979,0.08421813953693656,0.6,0.3418282007611675,0.13902199285245875
16,0,Bayesian stacking,0.7,0.2813263559286032,0.04724505520215788,0.43333333333333335,0.3067760838257632,0.13348553795078338
16,0,PVI,0.9166666666666666,0.8857246006235987,0.09897054992836829,0.6,0.5165027982415118,0.17384150269550647
16,1,Bayesian ridge,0.6666666666666666,0.31674376892789213,0.16436489329741033,0.3333333333333333,0.19712388143884862,0.21007025146544056
16,1,POPS hypercube,0.65,1.8629958968488176,0.5200730159245459,0.4666666666666667,0.6603353518964576,0.33896456304697503
16,1,POPS ellipse,1.0,1.9383774439235455,0.15702016078152375,0.8166666666666667,0.9370837593903878,0.21337444635843317
16,1,Ellipse+EB,1.0,2.0235930945988367,0.15917407226820562,0.8166666666666667,0.9784603020372642,0.2214218563813746
16,1,Ellipse+PAC,1.0,2.4581863650071503,0.09303657326520755,0.7833333333333333,1.2106157267096807,0.15836124307628963
16,1,Bayesian stacking,0.7166666666666667,0.597180674186542,0.13340993502331483,0.55,0.5012946667050333,0.22047426892913688
16,1,PVI,1.0,2.0901018687505113,0.27575626018123545,0.8166666666666667,1.0223781936666243,0.31867268340789956
16,2,Bayesian ridge,0.8,0.2610142065806411,0.03401741235914448,0.43333333333333335,0.16877618320471593,0.1647951767324834
16,2,POPS hypercube,0.9833333333333333,0.6319145122813358,0.09296010377094677,0.6166666666666667,0.3469520706146451,0.1104573436517943
16,2,POPS ellipse,0.95,0.5976504521808779,0.03565729776919932,0.6166666666666667,0.3870704726078351,0.16494395315636481
16,2,Ellipse+EB,0.9666666666666667,0.6499536771122804,0.03955184825552434,0.6333333333333333,0.4568070186444824,0.16662642391449428
16,2,Ellipse+PAC,0.9166666666666666,0.9613027597205537,0.08969754170520397,0.6833333333333333,0.6442058381718558,0.1562814379676502
16,2,Bayesian stacking,0.7666666666666667,0.5489672978861837,0.03033208503713191,0.43333333333333335,0.40409120189570336,0.15638424329589512
16,2,PVI,0.85,0.5928298978946501,0.06395133001933932,0.5833333333333334,0.37633734769615224,0.16051851048817944
16,3,Bayesian ridge,0.55,0.22012164538717133,0.12246922986883026,0.25,0.16125058401025255,0.23310884559669962
16,3,POPS hypercube,0.48333333333333334,0.33677609208799214,0.26200599901404975,0.3,0.3451502794091508,0.27668002113275425
16,3,POPS ellipse,0.6666666666666666,0.41622214033935284,0.129432210644724,0.4666666666666667,0.46155136464706625,0.22916599630261952
16,3,Ellipse+EB,0.7333333333333333,0.5076447393266139,0.12589925234096988,0.5,0.5136086195676455,0.22894709469808833
16,3,Ellipse+PAC,0.8833333333333333,1.150275435729561,0.11457696118225907,0.5666666666666667,0.7558458500817868,0.20861392188122418
16,3,Bayesian stacking,0.5666666666666667,0.3452154572400751,0.1372109549834591,0.43333333333333335,0.3373846898700182,0.25604566760532643
16,3,PVI,0.8,0.8987239168138049,0.12929184604950483,0.5666666666666667,0.6865810104142841,0.20353733003920185
16,4,Bayesian ridge,0.4,0.14385589863570886,0.11065611081752641,0.2833333333333333,0.10368026535931209,0.1947975319015634
16,4,POPS hypercube,0.6666666666666666,0.28139728448251533,0.11975251736318249,0.38333333333333336,0.21248831377476815,0.22606921973802338
16,4,POPS ellipse,0.8,0.5326490513927223,0.11453577319654115,0.4166666666666667,0.32256839615646704,0.19421908314985842
16,4,Ellipse+EB,0.9,0.6529046268262643,0.11861499534933856,0.5166666666666667,0.38091784081011026,0.1930700089465387
16,4,Ellipse+PAC,1.0,1.3938636075739135,0.11489107540409282,0.6666666666666666,0.7560519806452488,0.1728351658404965
16,4,Bayesian stacking,0.48333333333333334,0.3512353235844975,0.1134501794744226,0.4166666666666667,0.2752723172489414,0.2027420874702361
16,4,PVI,0.9333333333333333,0.7109535445930248,0.05390530071960088,0.45,0.3431292424950386,0.1673973811722343
16,5,Bayesian ridge,0.6166666666666667,0.12053242293251379,0.05544417275084433,0.26666666666666666,0.08261498261090962,0.1477360573771129
16,5,POPS hypercube,0.6,0.16331502090709984,0.06116169282296232,0.35,0.11992462553856492,0.1414746543809603
16,5,POPS ellipse,0.7666666666666667,0.34211225438376647,0.05455416971291045,0.43333333333333335,0.22907163131846472,0.1472243352048148
16,5,Ellipse+EB,0.85,0.3767718970305167,0.05570080803618594,0.48333333333333334,0.2524461816350769,0.14835686452899283
16,5,Ellipse+PAC,1.0,3.49846598002342,0.04127712319536192,0.9833333333333333,1.4597265578731384,0.14625654702898722
16,5,Bayesian stacking,0.5666666666666667,0.41432523277266164,0.06073717316959972,0.38333333333333336,0.3007948305521253,0.15235378052209872
16,5,PVI,0.8166666666666667,0.3644734570551008,0.032633178085378085,0.4166666666666667,0.19882597086040354,0.14962066766321608
16,6,Bayesian ridge,0.48333333333333334,0.17984987712696848,0.12515791931776138,0.35,0.15090767644731834,0.2002790909058339
16,6,POPS hypercube,0.6333333333333333,0.26953919564469886,0.13295594685739537,0.35,0.21415649226285588,0.2369577352798697
16,6,POPS ellipse,0.65,0.47485834759677004,0.1297296791540326,0.4,0.3081495638907682,0.19761849766916723
16,6,Ellipse+EB,0.85,0.5905274836816226,0.13434654562536574,0.4666666666666667,0.34739003143744274,0.19758833861994773
16,6,Ellipse+PAC,1.0,4.847691404766476,0.16788907860849897,0.95,1.3725939967454686,0.22151929481150595
16,6,Bayesian stacking,0.5833333333333334,0.3878215101852365,0.11882003574182873,0.45,0.3762385720755121,0.19737762681648366
16,6,PVI,0.6,0.7054301139022314,0.20898761162280113,0.4166666666666667,0.3829027389945117,0.30055738694957146
16,7,Bayesian ridge,0.7833333333333333,0.3125916616414508,0.04782343794827277,0.4666666666666667,0.18267876907423963,0.13266805830448558
16,7,POPS hypercube,0.9666666666666667,0.5267148611507119,0.07580518871870515,0.48333333333333334,0.27356847153351393,0.202495659351553
16,7,POPS ellipse,0.95,0.6679314171953417,0.05037232348613088,0.5833333333333334,0.39536138122408415,0.13421208308296853
16,7,Ellipse+EB,0.9833333333333333,0.7675310727637579,0.04706727891901888,0.6,0.46614404033571777,0.1355909626815221
16,7,Ellipse+PAC,1.0,1.5479027573824409,0.14373769738093753,0.7666666666666667,0.9686153560818472,0.19601502950700714
16,7,Bayesian stacking,0.8,0.46496981311334185,0.0683622205165404,0.48333333333333334,0.4160238621978035,0.17824281242343518
16,7,PVI,0.9333333333333333,0.9413822529556283,0.09645361367047564,0.6166666666666667,0.4786252705249814,0.14973292253334902
16,8,Bayesian ridge,0.6333333333333333,0.17244822580550118,0.05738465431255985,0.4166666666666667,0.1449813447588376,0.15695275650265025
16,8,POPS hypercube,0.7666666666666667,0.3020953785050863,0.06908709985265551,0.5,0.22579497555105502,0.1509393708103695
16,8,POPS ellipse,0.8666666666666667,0.4330193440666083,0.06195213001534465,0.4666666666666667,0.297199891807974,0.1549503502050334
16,8,Ellipse+EB,0.8833333333333333,0.4884966749077331,0.05992677341886811,0.5666666666666667,0.3700276673579503,0.1532347609470627
16,8,Ellipse+PAC,1.0,1.8309282939071139,0.07602024597666296,0.7,1.0604176088798574,0.14715413025941548
16,8,Bayesian stacking,0.65,0.4862587736911367,0.05588350889768813,0.5,0.4279291045025856,0.15111174244393388
16,8,PVI,0.6833333333333333,0.45286656583379703,0.1426156504809859,0.38333333333333336,0.3082827148644465,0.22253775517355354
16,9,Bayesian ridge,0.5666666666666667,0.19520958858555057,0.093283862467132,0.38333333333333336,0.1583837625077248,0.18736763569656872
16,9,POPS hypercube,0.9666666666666667,0.8509323879870334,0.14266806817931588,0.65,0.3762194192852154,0.17138441525712603
16,9,POPS ellipse,0.9666666666666667,0.8750579418449291,0.10596064907014274,0.5666666666666667,0.5122715296766516,0.19759085029096748
16,9,Ellipse+EB,0.9666666666666667,0.9174143800506097,0.09726338803255058,0.5666666666666667,0.5339775534184377,0.1901004545880686
16,9,Ellipse+PAC,1.0,1.2943816984360703,0.09010859572522845,0.7,0.7103799304507968,0.1934187295250676
16,9,Bayesian stacking,0.5833333333333334,0.35687860161211205,0.09960978264821468,0.4166666666666667,0.2903846820301487,0.18636236389959482
16,9,PVI,0.9166666666666666,0.7747345202413882,0.0545797212176756,0.5666666666666667,0.4626684077214013,0.1389291684696597
16,10,Bayesian ridge,0.6166666666666667,0.15356177577319458,0.054482824857735944,0.3,0.1153447447354702,0.16852088596773748
16,10,POPS hypercube,0.9166666666666666,0.3646794982118959,0.05025784342675383,0.5333333333333333,0.24042067277326656,0.14199959347989796
16,10,POPS ellipse,0.8666666666666667,0.4462118243020871,0.05425304312493522,0.5166666666666667,0.329015843085093,0.1711538941487345
16,10,Ellipse+EB,0.9166666666666666,0.516587263148209,0.0551544974968545,0.6,0.38898495057771953,0.1678179048590298
16,10,Ellipse+PAC,0.9166666666666666,0.7781050905275821,0.058781480666279834,0.65,0.5748897727316038,0.16322073788104857
16,10,Bayesian stacking,0.6666666666666666,0.4321369937327091,0.060052162231204534,0.4666666666666667,0.36442011498020693,0.17264769255537157
16,10,PVI,0.7666666666666667,0.5061566789990749,0.08178512911053701,0.4666666666666667,0.3024353668685178,0.17822321365708516
16,11,Bayesian ridge,0.5666666666666667,0.1952094001422398,0.09089231636992777,0.38333333333333336,0.1432523673076017,0.1696810131836897
16,11,POPS hypercube,0.4666666666666667,0.2262319278582619,0.12231903558595111,0.36666666666666664,0.17985189708345237,0.1712607234141478
16,11,POPS ellipse,0.6833333333333333,0.37790373673431077,0.09556261705138332,0.43333333333333335,0.24061082581429644,0.17182504467492576
16,11,Ellipse+EB,0.8,0.4720738899552822,0.09429084731650134,0.5166666666666667,0.2812735340675969,0.16880858536541588
16,11,Ellipse+PAC,0.8166666666666667,0.885625982330281,0.10493023430993068,0.6333333333333333,0.5636073297223546,0.16247337580950877
16,11,Bayesian stacking,0.6333333333333333,0.41567780868480847,0.08322410366797461,0.5166666666666667,0.41206479946239644,0.17836015964490232
16,11,PVI,0.7166666666666667,0.2886939472221565,0.04553001716045509,0.3333333333333333,0.1203050838108302,0.1579252065264357
16,12,Bayesian ridge,0.65,0.3113896847965357,0.07162736088406343,0.48333333333333334,0.20811941059020767,0.13647631234146326
16,12,POPS hypercube,0.8166666666666667,0.3633467368488136,0.09995497338582691,0.5333333333333333,0.27279932724968686,0.17434483701724263
16,12,POPS ellipse,0.95,0.7206638818715609,0.07225735782834432,0.5333333333333333,0.392996866077948,0.13676953865254246
16,12,Ellipse+EB,0.95,0.7867813660859032,0.07372418169047543,0.6166666666666667,0.43046628819253085,0.1382556226891966
16,12,Ellipse+PAC,1.0,1.3092001188657574,0.1695237449279638,0.7666666666666667,0.8527392875493423,0.23960049862989385
16,12,Bayesian stacking,0.65,0.45670094468751454,0.06353754859189858,0.5166666666666667,0.276241499399666,0.1435119061534641
16,12,PVI,0.8666666666666667,0.5342710898839409,0.07066617824488601,0.43333333333333335,0.23151179089180712,0.12809898782279944
16,13,Bayesian ridge,0.4666666666666667,0.12223271502598046,0.0731941128113077,0.3333333333333333,0.09748118251760877,0.1691348530566652
16,13,POPS hypercube,0.7833333333333333,0.3719286101008459,0.054200488825685386,0.55,0.25230266257965583,0.16393204790076799
16,13,POPS ellipse,0.8666666666666667,0.5180245461415898,0.07462495541640045,0.6,0.34500625183896527,0.17191750971050385
16,13,Ellipse+EB,0.8666666666666667,0.5489952387236634,0.08505587121788154,0.6166666666666667,0.397828921287003,0.17341742889757503
16,13,Ellipse+PAC,0.9166666666666666,1.0236170173259744,0.18580347476210707,0.6333333333333333,0.6811614229626051,0.20055633750093135
16,13,Bayesian stacking,0.5333333333333333,0.3394187285759378,0.08959288858150802,0.36666666666666664,0.2728647567002297,0.1724620469241312
16,13,PVI,0.8166666666666667,0.537034041816471,0.08373157308477475,0.45,0.2998983668632117,0.15518925316550697
16,14,Bayesian ridge,0.5666666666666667,0.1395932519145871,0.06973121868385337,0.3333333333333333,0.1177315094651048,0.1721241482109918
16,14,POPS hypercube,0.65,0.20990156519109232,0.052399359531310793,0.35,0.14399541905433558,0.18122745885467673
16,14,POPS ellipse,0.7333333333333333,0.2947062405573396,0.06699156118285685,0.3,0.20018622240012185,0.17256547382962145
16,14,Ellipse+EB,0.75,0.33164242874395367,0.07295207190987363,0.43333333333333335,0.24085014852489423,0.17406989635850773
16,14,Ellipse+PAC,0.8333333333333334,1.9989611009543318,0.15523974244207978,0.7166666666666667,1.3273264320173017,0.16383998760069407
16,14,Bayesian stacking,0.6166666666666667,0.31588961563055007,0.06752013683251058,0.45,0.25713285534150687,0.17899257024670207
16,14,PVI,0.75,0.28392189658079026,0.06406220843373969,0.35,0.2132862890298955,0.18123914050809314
16,15,Bayesian ridge,0.35,0.0931910696708111,0.09888417379707132,0.26666666666666666,0.07162428547144206,0.17947897103603738
16,15,POPS hypercube,0.4,0.13522039802996777,0.11425893761022704,0.31666666666666665,0.1574835275811507,0.21021140390775586
16,15,POPS ellipse,0.5666666666666667,0.22176725588010615,0.09736604886733854,0.4166666666666667,0.20015688514747393,0.17548472447373215
16,15,Ellipse+EB,0.65,0.2833612059285382,0.1042049421512732,0.43333333333333335,0.2401197485914901,0.17327271521145848
16,15,Ellipse+PAC,0.8,0.6002623288653421,0.07150986469186936,0.5666666666666667,0.4278578565108685,0.21150309348851415
16,15,Bayesian stacking,0.55,0.3010385673018093,0.10093514580029914,0.4,0.20916259345921145,0.18474792549564095
16,15,PVI,0.6166666666666667,0.32208022082804416,0.11291364630766962,0.43333333333333335,0.2192580412521554,0.21426191763702007
16,16,Bayesian ridge,0.65,0.1678405208314927,0.045788376652589446,0.2833333333333333,0.12271587757714274,0.17041842836956822
16,16,POPS hypercube,0.65,0.2375545967275819,0.09585581952760082,0.2833333333333333,0.1569974895505672,0.21872995777583903
16,16,POPS ellipse,0.7666666666666667,0.3408045355696169,0.049437193003248156,0.35,0.22879618432845725,0.17041341832946508
16,16,Ellipse+EB,0.8166666666666667,0.383478165202047,0.048856931710399884,0.43333333333333335,0.2600496813738555,0.17122055005056297
16,16,Ellipse+PAC,0.8,0.676699014470338,0.09945197714675835,0.5833333333333334,0.5092355880198957,0.18948318948672419
16,16,Bayesian stacking,0.6333333333333333,0.41310165775458785,0.051414456430461136,0.45,0.3819037761837363,0.15514424707064495
16,16,PVI,0.6666666666666666,0.379208591763469,0.09140099678235547,0.45,0.2337262376130182,0.19699696057081714
16,17,Bayesian ridge,0.5833333333333334,0.14097272577202097,0.04565260246928657,0.35,0.11284581232664598,0.17804294146437805
16,17,POPS hypercube,0.9666666666666667,0.6039579220883837,0.11299862323505952,0.6166666666666667,0.32872836240542563,0.16492214984079773
16,17,POPS ellipse,0.95,0.7391690924026302,0.04394230032991908,0.6166666666666667,0.49703792732139873,0.17424024412842626
16,17,Ellipse+EB,0.9666666666666667,0.7932583007288462,0.052984270241389415,0.6333333333333333,0.50589702133731,0.17673366724301376
16,17,Ellipse+PAC,0.9666666666666667,1.0164730378922453,0.10066813613513373,0.7,0.6592677654955168,0.17649127467213446
16,17,Bayesian stacking,0.6,0.3410395014698714,0.042240878021023984,0.43333333333333335,0.22250462276493288,0.1763262339767705
16,17,PVI,0.85,0.6718975685329485,0.14681162876102538,0.5333333333333333,0.47769503744791697,0.23136126083761693
16,18,Bayesian ridge,0.7666666666666667,0.22872637215036806,0.05017307035290772,0.4666666666666667,0.15055522962693407,0.15316048804695465
16,18,POPS hypercube,0.8833333333333333,0.36090039076127023,0.05032809508412053,0.48333333333333334,0.20628814011083352,0.15575544914245643
16,18,POPS ellipse,0.9666666666666667,0.6572859076995482,0.055704233161986534,0.65,0.39548233933166926,0.14984609952736844
16,18,Ellipse+EB,0.9833333333333333,0.7612395514287742,0.05852725101170923,0.65,0.46581296897953284,0.1514031094750895
16,18,Ellipse+PAC,0.9666666666666667,0.8737739748278128,0.0453041504539676,0.65,0.48859605733725264,0.13050427096420303
16,18,Bayesian stacking,0.8333333333333334,0.6218765630917074,0.03846333162035255,0.5166666666666667,0.4598878008843793,0.12718030240253225
16,18,PVI,0.9333333333333333,0.9186381916151531,0.06206900341070944,0.6,0.5217368817281578,0.21033420292538468
16,19,Bayesian ridge,0.4666666666666667,0.12267431634315099,0.07861421965355102,0.2833333333333333,0.10083464167310878,0.1664118558514543
16,19,POPS hypercube,0.5166666666666667,0.1825713214543167,0.08406347855416232,0.3,0.13285882427178303,0.18084566039434344
16,19,POPS ellipse,0.6666666666666666,0.3385132277146388,0.0784098757984942,0.35,0.2029218755957909,0.1657577449499975
16,19,Ellipse+EB,0.7166666666666667,0.3686738746861123,0.0789881781451888,0.43333333333333335,0.26278932895877766,0.16613608850816833
16,19,Ellipse+PAC,0.7666666666666667,0.4783157296186039,0.08855863524209197,0.5166666666666667,0.3409495117343093,0.18008076075673723
16,19,Bayesian stacking,0.5166666666666667,0.3453002951497598,0.0789235690931692,0.4,0.26598012881119504,0.16981878648973361
16,19,PVI,0.5666666666666667,0.22103053792893487,0.07855952552020984,0.3333333333333333,0.1502420749498351,0.1728151858612858
24,0,Bayesian ridge,0.6,0.13809068497796795,0.06630432801117098,0.36666666666666664,0.10344753545055665,0.16224712780256612
24,0,POPS hypercube,0.95,0.536994607864002,0.08042758080074826,0.5833333333333334,0.3189076630364491,0.1549075576518004
24,0,POPS ellipse,0.8666666666666667,0.5624343660425808,0.06903394326926282,0.6,0.3953562506239322,0.1636978735867387
24,0,Ellipse+EB,0.95,0.6009657213506276,0.06886141921199684,0.6166666666666667,0.43060807764542386,0.1638989000788794
24,0,Ellipse+PAC,0.95,0.7030439838665975,0.05928095065539199,0.6333333333333333,0.4753580477943108,0.16441567728460693
24,0,Bayesian stacking,0.6166666666666667,0.3787687689192108,0.06287064712152422,0.43333333333333335,0.34654672544377596,0.16524628367786384
24,0,PVI,0.8,0.6187520707289496,0.0330833645223577,0.5833333333333334,0.3661208858157682,0.15516129698819617
24,1,Bayesian ridge,0.7833333333333333,0.28008379888878765,0.05018146507939453,0.5333333333333333,0.19352210288241534,0.12166626369023124
24,1,POPS hypercube,1.0,1.3290212646350723,0.26742357192649324,0.7833333333333333,0.6173757674206548,0.15018972747261106
24,1,POPS ellipse,1.0,1.098154474122596,0.04881317082770727,0.7333333333333333,0.5900667721110678,0.11923885714450681
24,1,Ellipse+EB,1.0,1.1576694060292019,0.05233124849270156,0.7333333333333333,0.6298225966801224,0.1209957093623822
24,1,Ellipse+PAC,1.0,1.156190611073834,0.10395093712448994,0.75,0.6086836653175528,0.07684047029733147
24,1,Bayesian stacking,0.8,0.541140290817572,0.05433656092157464,0.5333333333333333,0.4260696969392468,0.14303424121621083
24,1,PVI,1.0,1.2974646371026326,0.03323506326398424,0.6666666666666666,0.6318805567524602,0.20007457968788978
24,2,Bayesian ridge,0.7,0.25565423525864306,0.03914327250130516,0.48333333333333334,0.17121673175631524,0.1359580190322348
24,2,POPS hypercube,1.0,0.7979437476328233,0.10409245098077825,0.75,0.42345582294085266,0.12256233697804596
24,2,POPS ellipse,0.9833333333333333,0.7759609224299933,0.039897277038403345,0.6333333333333333,0.4754409116678793,0.13449495246590767
24,2,Ellipse+EB,0.9833333333333333,0.8181400381445751,0.04455424299221923,0.6666666666666666,0.5417050723180322,0.13338676608768546
24,2,Ellipse+PAC,0.9666666666666667,0.8718253196813495,0.054662497778398295,0.7166666666666667,0.5394800789134796,0.14269586366250447
24,2,Bayesian stacking,0.7,0.4842514271515793,0.050121321848661915,0.48333333333333334,0.3999497888821669,0.14260295161781317
24,2,PVI,0.8333333333333334,0.5872771936467845,0.07374917193548708,0.5833333333333334,0.4092775931560911,0.1580989538760198
24,3,Bayesian ridge,0.6166666666666667,0.20319774183540756,0.06632724580450058,0.36666666666666664,0.13737406075296865,0.1679211701908479
24,3,POPS hypercube,0.9833333333333333,0.5999793769867001,0.08640790151102004,0.6166666666666667,0.37561864782073784,0.16220887241395876
24,3,POPS ellipse,0.9,0.7522258418727621,0.06749664692341477,0.4666666666666667,0.4629844139036399,0.1671220608526437
24,3,Ellipse+EB,0.9833333333333333,0.8330458871809687,0.06888571640147928,0.5666666666666667,0.4767062399469075,0.16391544431883098
24,3,Ellipse+PAC,1.0,1.4032779637807522,0.07823902470955608,0.75,0.8705015887805831,0.20374249804424732
24,3,Bayesian stacking,0.6166666666666667,0.40136288169981615,0.06319982555724522,0.45,0.29951655787060316,0.16835529405486122
24,3,PVI,0.7666666666666667,0.5548815132579283,0.10635561655049075,0.4,0.3417506391955797,0.20140758393527008
24,4,Bayesian ridge,0.5,0.12447184604967786,0.07093162092012627,0.36666666666666664,0.0946912171325825,0.1593009753548282
24,4,POPS hypercube,0.8666666666666667,0.5757181080855727,0.09227561486079677,0.5333333333333333,0.2875025698758672,0.16121147828078985
24,4,POPS ellipse,0.8166666666666667,0.4938093441042855,0.07113978764165449,0.4666666666666667,0.32005861872700037,0.1600176737359219
24,4,Ellipse+EB,0.9166666666666666,0.5873937389516575,0.07086789916955863,0.5333333333333333,0.3642471067075186,0.16054752060254368
24,4,Ellipse+PAC,0.9,0.6762867164793069,0.09974425250320638,0.5833333333333334,0.5047433140304958,0.17925155823304278
24,4,Bayesian stacking,0.5666666666666667,0.2853941059164792,0.07283140063804694,0.43333333333333335,0.2994200345596061,0.16219730928229698
24,4,PVI,0.5833333333333334,0.41989732192207185,0.11315050879523754,0.3,0.2740462071711788,0.2067323793669656
24,5,Bayesian ridge,0.6333333333333333,0.14113364772352327,0.03623611293942873,0.3333333333333333,0.10540177110401719,0.1546148557179453
24,5,POPS hypercube,0.8166666666666667,0.3213156802140039,0.05621350472513924,0.5,0.22716431106354262,0.15071343974142073
24,5,POPS ellipse,0.9166666666666666,0.5580437055418608,0.03919359050136935,0.5666666666666667,0.3617478304926473,0.1540671908289191
24,5,Ellipse+EB,0.9166666666666666,0.6073854433134502,0.047315748918225764,0.6,0.42962624303141295,0.15347868900227235
24,5,Ellipse+PAC,0.9833333333333333,0.8536648174574442,0.0431023541590593,0.7,0.5442098983416228,0.1436641380977437
24,5,Bayesian stacking,0.6166666666666667,0.4199731850061481,0.046077465842044765,0.45,0.37712502743349857,0.16715025170021097
24,5,PVI,0.85,0.49980655127997775,0.03772850483264045,0.45,0.21434243212380194,0.13792087062165354
24,6,Bayesian ridge,0.65,0.22036270502625072,0.0847573380556155,0.45,0.16586934332296657,0.14661629156689382
24,6,POPS hypercube,0.9666666666666667,1.0961788413262812,0.19896422329894892,0.8166666666666667,0.5419460509351155,0.10876414264931925
24,6,POPS ellipse,0.9333333333333333,0.8401156001397666,0.08344151576383452,0.6666666666666666,0.5799349142236851,0.14999504002936365
24,6,Ellipse+EB,1.0,1.0060243911922906,0.08751283931924234,0.6833333333333333,0.6087094752639799,0.15082958462041415
24,6,Ellipse+PAC,1.0,1.2778835976751914,0.07277560036191227,0.8,0.7837574679646153,0.1455873611811715
24,6,Bayesian stacking,0.6333333333333333,0.40251659413682894,0.09648102737290186,0.45,0.3447128231319496,0.1507843736136899
24,6,PVI,0.9833333333333333,1.046943644443017,0.11252520695997137,0.5666666666666667,0.5419886478142897,0.1861631227373549
24,7,Bayesian ridge,0.7,0.1699915114801077,0.06111801693283828,0.23333333333333334,0.10531540207580627,0.16082227817137024
24,7,POPS hypercube,0.9333333333333333,0.35955979340779887,0.05852903411124065,0.48333333333333334,0.2243517997025784,0.1441302261477695
24,7,POPS ellipse,0.9833333333333333,0.5409089582970299,0.05969322016179363,0.5,0.36595068686607096,0.15884679594975754
24,7,Ellipse+EB,0.9833333333333333,0.5967704061329782,0.05405640171286531,0.6166666666666667,0.3868763387108144,0.16255023503034333
24,7,Ellipse+PAC,0.9666666666666667,0.6885898571924465,0.0714413533984676,0.6333333333333333,0.37091551763615294,0.14790699679585506
24,7,Bayesian stacking,0.7666666666666667,0.3822200657274688,0.05606793392048083,0.43333333333333335,0.21783350615918728,0.1631116974543264
24,7,PVI,0.9,0.6259370739431294,0.07150806199597481,0.5333333333333333,0.35478154629522896,0.19344908140719144
24,8,Bayesian ridge,0.55,0.10072446755229882,0.04217974102031251,0.25,0.07264649598678771,0.12588411989280068
24,8,POPS hypercube,0.8166666666666667,0.26585760559434257,0.028299723533819904,0.4666666666666667,0.17177993812710274,0.13056530723894827
24,8,POPS ellipse,0.8666666666666667,0.3866730280977757,0.041880288232103324,0.55,0.26376550963126855,0.1259028541755208
24,8,Ellipse+EB,0.8833333333333333,0.4270747866896316,0.03993494980150964,0.6,0.29234358136294103,0.12743928599528037
24,8,Ellipse+PAC,0.9166666666666666,0.5193905083351666,0.03941120317866202,0.65,0.33709537566950387,0.13636460618084395
24,8,Bayesian stacking,0.6333333333333333,0.41731351060686395,0.04321252916859235,0.4166666666666667,0.32601512394806553,0.12865851030349307
24,8,PVI,0.8166666666666667,0.3440313088442041,0.055322358731097615,0.5166666666666667,0.19816439043179385,0.13386744744162887
24,9,Bayesian ridge,0.45,0.10855881001863137,0.07768112875318162,0.26666666666666666,0.07682601972389139,0.1753783089264602
24,9,POPS hypercube,1.0,0.8258163251389112,0.12658519173391164,0.6166666666666667,0.40392650217926596,0.19257950158719667
24,9,POPS ellipse,0.9666666666666667,0.7975387641463816,0.06735520159805666,0.6,0.5401581888708573,0.16723947892023291
24,9,Ellipse+EB,0.9666666666666667,0.7989726035851301,0.07615199815373078,0.6333333333333333,0.5445814623117504,0.16788017290605442
24,9,Ellipse+PAC,0.9666666666666667,1.136148624194493,0.07110187417685226,0.6333333333333333,0.5822849379546371,0.17317022982209215
24,9,Bayesian stacking,0.5666666666666667,0.3889193061358218,0.08559959676414716,0.4166666666666667,0.36042404653847815,0.17900508827588377
24,9,PVI,0.9333333333333333,0.7683878638490123,0.09177180802449886,0.45,0.4419543713912807,0.2220126023802803
24,10,Bayesian ridge,0.6166666666666667,0.1937097309781926,0.0635977870210068,0.36666666666666664,0.1458431765929519,0.18947212672985098
24,10,POPS hypercube,0.9666666666666667,0.7880011927909345,0.13840825516734806,0.6,0.383303171575222,0.17868794549900463
24,10,POPS ellipse,0.95,0.7912361536745292,0.06354544800373152,0.65,0.48635376033241057,0.18484465711998094
24,10,Ellipse+EB,0.95,0.8250448117859899,0.05995783549185622,0.6666666666666666,0.5632179737913741,0.18507453621688008
24,10,Ellipse+PAC,0.9666666666666667,1.031214702911146,0.06517891050428826,0.7,0.6146355351580635,0.18088688321254062
24,10,Bayesian stacking,0.65,0.470291601794119,0.09602764762760072,0.4166666666666667,0.39652247572519245,0.2068511834866119
24,10,PVI,0.9833333333333333,1.175814040683221,0.041942318022961965,0.6666666666666666,0.6811012972164663,0.12670044404283878
24,11,Bayesian ridge,0.5,0.1906904299108979,0.13045998886132132,0.3333333333333333,0.1333291138709634,0.23582941434263222
24,11,POPS hypercube,0.9666666666666667,1.3121895004519524,0.285527910432004,0.7833333333333333,0.6745957788407044,0.23463051215924685
24,11,POPS ellipse,0.95,1.6489144593012848,0.14663854390670017,0.65,0.9796823648951748,0.24598040876040378
24,11,Ellipse+EB,0.9666666666666667,1.7499589660021586,0.15088122422792494,0.6833333333333333,1.104047701147207,0.243942063674225
24,11,Ellipse+PAC,1.0,7.129971339767753,0.29881349154621784,0.9,2.5881974161985095,0.2958271431179873
24,11,Bayesian stacking,0.5,0.25299575601139224,0.13064025437886656,0.35,0.31164956646218767,0.24835481538430998
24,11,PVI,0.9833333333333333,1.115343319578797,0.08597542939814987,0.6,0.6007202069645068,0.17800008246209204
24,12,Bayesian ridge,0.23333333333333334,0.058319628853660654,0.12132912883810888,0.16666666666666666,0.044170139281307697,0.23409573719203786
24,12,POPS hypercube,0.7166666666666667,0.2612634726426446,0.06608995262632103,0.45,0.1754240277037805,0.14247423099469475
24,12,POPS ellipse,0.7,0.3723692382509614,0.12522018989693598,0.4,0.2470499358117331,0.2362905925639181
24,12,Ellipse+EB,0.75,0.39805241798758695,0.12122454413231927,0.45,0.2743102436420865,0.23431351287504915
24,12,Ellipse+PAC,0.9,0.5645581559168867,0.10389462620003333,0.5666666666666667,0.3471264625195694,0.21816381155918524
24,12,Bayesian stacking,0.3,0.292536006063174,0.14022348921341848,0.26666666666666666,0.2497846989710431,0.2754017180714363
24,12,PVI,1.0,26.148947456761785,2.4008404448009935,1.0,4.708054841866369,0.365603502664968
24,13,Bayesian ridge,0.6,0.13728705405701735,0.04676105128984792,0.36666666666666664,0.10451973612737453,0.16002596636177466
24,13,POPS hypercube,0.8833333333333333,0.4135429146013606,0.08960015580491491,0.5833333333333334,0.24281039315916803,0.1129008007309531
24,13,POPS ellipse,0.7333333333333333,0.35973353469262725,0.049355789142863454,0.5166666666666667,0.25149187670602746,0.16242146843777405
24,13,Ellipse+EB,0.7833333333333333,0.46793555260894126,0.05311968385458314,0.5333333333333333,0.33268431108613494,0.16137365701689693
24,13,Ellipse+PAC,0.9333333333333333,0.8502568950062814,0.08923955889497122,0.6166666666666667,0.5509569800570764,0.18213177506050232
24,13,Bayesian stacking,0.6166666666666667,0.3653774873132635,0.05621725213694129,0.4166666666666667,0.2951119413101584,0.1721509006953541
24,13,PVI,0.8666666666666667,0.6589751048747055,0.17237905525542224,0.45,0.4714828683874981,0.23413951176915296
24,14,Bayesian ridge,0.48333333333333334,0.11797286392733242,0.05852595723281748,0.31666666666666665,0.09477228137749946,0.16364223651715953
24,14,POPS hypercube,0.85,0.3340520870920222,0.059446340934469724,0.45,0.19382039512228993,0.11019228622038318
24,14,POPS ellipse,0.85,0.45849782481500156,0.05634803098015074,0.4666666666666667,0.30877255791187275,0.16076850942681475
24,14,Ellipse+EB,0.8666666666666667,0.5285386607060996,0.057587271032549125,0.5666666666666667,0.3724662857670553,0.16324510072446471
24,14,Ellipse+PAC,0.9166666666666666,0.9696166625889,0.10389431454073811,0.6833333333333333,0.6360821483082444,0.20139444831282555
24,14,Bayesian stacking,0.5833333333333334,0.37494534867390017,0.0587370914239882,0.4166666666666667,0.3155811603832336,0.16757751832149476
24,14,PVI,0.85,0.5091184662148092,0.0729254019498914,0.5166666666666667,0.29563787893307186,0.13173750201030868
24,15,Bayesian ridge,0.6,0.1580447683760541,0.0693548841142494,0.36666666666666664,0.1106836500035574,0.15250134560393241
24,15,POPS hypercube,0.9,0.883797773096466,0.15320872947944875,0.6666666666666666,0.3796823695545031,0.17839144557964118
24,15,POPS ellipse,0.9333333333333333,0.7903623071054291,0.06722810043479673,0.65,0.5006403276926004,0.15216900269153386
24,15,Ellipse+EB,0.9666666666666667,0.8216027594923802,0.0707881680918222,0.6666666666666666,0.5357836188418255,0.1470683426869137
24,15,Ellipse+PAC,0.9833333333333333,1.1759743041785649,0.08122880890095843,0.7,0.6581321952679682,0.14140690240292986
24,15,Bayesian stacking,0.6166666666666667,0.38643188474473533,0.07240884383411951,0.4166666666666667,0.252020539285112,0.1571206343955055
24,15,PVI,0.9333333333333333,0.7620064109468445,0.08337504623348782,0.5833333333333334,0.45989945252216624,0.19886402120809432
24,16,Bayesian ridge,0.65,0.20953340628241712,0.04589655805644367,0.4166666666666667,0.1512059524176854,0.16700417805119985
24,16,POPS hypercube,0.9666666666666667,0.6345255615130299,0.07836123095461564,0.5166666666666667,0.3764851187553002,0.2066857241639292
24,16,POPS ellipse,0.95,0.6027341547690462,0.05615890159712093,0.5166666666666667,0.37692352074667124,0.17076637238378312
24,16,Ellipse+EB,0.95,0.68247898677423,0.05540862492139621,0.55,0.4245832213462647,0.16950257245789158
24,16,Ellipse+PAC,1.0,1.5651857111555243,0.056896642566916386,0.7166666666666667,0.9360947730579795,0.1537651666476013
24,16,Bayesian stacking,0.6333333333333333,0.2806731370264064,0.06246594358176172,0.4666666666666667,0.33799822308902805,0.15541123790114064
24,16,PVI,0.9166666666666666,0.550106058716576,0.05133756684916321,0.5,0.3273593190786002,0.15600198584932407
24,17,Bayesian ridge,0.55,0.1664944560120778,0.0946012955889245,0.43333333333333335,0.11798143472846842,0.16306553117064765
24,17,POPS hypercube,0.6333333333333333,0.32959714865327294,0.12205342091633113,0.4666666666666667,0.23702725408143283,0.15392469046884016
24,17,POPS ellipse,0.6833333333333333,0.349683621172276,0.09010715530850724,0.4166666666666667,0.24643433661499148,0.15997187622643527
24,17,Ellipse+EB,0.8,0.4392813374051382,0.09469371275559949,0.5,0.3197835597718719,0.15732412754645192
24,17,Ellipse+PAC,0.6666666666666666,0.4216591085410192,0.11525026275883905,0.4666666666666667,0.2959482727330045,0.1832877663635833
24,17,Bayesian stacking,0.6,0.35885256167653207,0.09868225416252852,0.48333333333333334,0.3784482502533765,0.16347066177321923
24,17,PVI,0.6666666666666666,0.39605443398305973,0.11245033390903789,0.38333333333333336,0.2403838948963889,0.20120826046406676
24,18,Bayesian ridge,0.23333333333333334,0.09835727933473254,0.1323503647725307,0.25,0.0784615811013967,0.2038908309597624
24,18,POPS hypercube,0.5833333333333334,0.2564296498040036,0.08699239933936712,0.45,0.16871860781236275,0.14649360852590543
24,18,POPS ellipse,0.6166666666666667,0.359662435175657,0.13043628963704235,0.43333333333333335,0.24175900356472413,0.20118413250020564
24,18,Ellipse+EB,0.7,0.40948577091517147,0.13069337641689333,0.43333333333333335,0.28614882188512614,0.19920148081851946
24,18,Ellipse+PAC,0.9333333333333333,0.8367558550398424,0.08770566231424418,0.6,0.6012471667587799,0.17858739414150382
24,18,Bayesian stacking,0.3333333333333333,0.3061239174705128,0.14442165143415894,0.3333333333333333,0.2690132381544188,0.216524375335662
24,18,PVI,0.8166666666666667,0.45324355335438815,0.07353257433851315,0.45,0.2653781565812193,0.1823999830965407
24,19,Bayesian ridge,0.43333333333333335,0.07047676462309477,0.04632721793913969,0.26666666666666666,0.047776236112464454,0.15889989584428163
24,19,POPS hypercube,0.55,0.1530512805198871,0.05535893057780466,0.36666666666666664,0.1310114500367961,0.16965115873661335
24,19,POPS ellipse,0.7166666666666667,0.3094532020603846,0.04788233904292248,0.38333333333333336,0.19690140286638086,0.15761567984290042
24,19,Ellipse+EB,0.7833333333333333,0.32989795409778966,0.05022498678941925,0.4166666666666667,0.21324991674341537,0.15871199229690724
24,19,Ellipse+PAC,0.7166666666666667,0.2512719063926876,0.04175577481025504,0.4,0.17044011880026774,0.15483689999216738
24,19,Bayesian stacking,0.55,0.3620463922570425,0.07898897442710762,0.4,0.32120869580830813,0.16687166606654752
24,19,PVI,0.5166666666666667,0.24167345516080174,0.10113590736860359,0.35,0.18028298090197833,0.19600063632043888
40,0,Bayesian ridge,0.48333333333333334,0.1041863856566947,0.06843077068619402,0.35,0.07346528075840315,0.15786657156588058
40,0,POPS hypercube,0.7833333333333333,0.3346638870315024,0.05219301412776976,0.5,0.24006302971644708,0.14551870758388294
40,0,POPS ellipse,0.8166666666666667,0.4309473290604089,0.06753344002449035,0.55,0.28393296340918,0.1562228792909756
40,0,Ellipse+EB,0.85,0.4899348951373115,0.0714656348156349,0.55,0.3540579023902449,0.15767117954647913
40,0,Ellipse+PAC,0.9333333333333333,0.6379003885840051,0.08337705554500716,0.6333333333333333,0.4259550770452972,0.15844671217940312
40,0,Bayesian stacking,0.6,0.34687317318026006,0.07982805068345994,0.43333333333333335,0.3436812310413563,0.1611008183509774
40,0,PVI,0.8333333333333334,0.4804339696904002,0.0691584388973416,0.5333333333333333,0.31934184966989965,0.1865095963238355
40,1,Bayesian ridge,0.6333333333333333,0.14277256870543442,0.03745430569313171,0.35,0.09269966397876729,0.15500661714331382
40,1,POPS hypercube,1.0,1.6181320755345854,0.4028676384873088,0.9,0.6335587270085596,0.15322415831131797
40,1,POPS ellipse,1.0,1.404459030126314,0.03493116112100473,0.7833333333333333,0.7496524748030899,0.1413903883807473
40,1,Ellipse+EB,1.0,1.4214229984556432,0.039821802962862585,0.8,0.7682568850670574,0.14154834588366544
40,1,Ellipse+PAC,1.0,1.4550013009488938,0.050453491321892176,0.8,0.8127019105458073,0.14243005070560374
40,1,Bayesian stacking,0.6333333333333333,0.39938970786855993,0.0401008468931961,0.43333333333333335,0.37159183289238673,0.15455730192038292
40,1,PVI,0.9833333333333333,1.0117469600450222,0.19791761388407722,0.5333333333333333,0.5153197379047114,0.2580867003559949
40,2,Bayesian ridge,0.3333333333333333,0.06869992311941564,0.06413763518201215,0.2,0.04907940922087742,0.16780094927959244
40,2,POPS hypercube,0.65,0.21091359201561688,0.04074106257581897,0.4166666666666667,0.16112899391994506,0.1475722332861062
40,2,POPS ellipse,0.6833333333333333,0.23143344717640313,0.0651286438265299,0.43333333333333335,0.1982054199957647,0.16640930832190956
40,2,Ellipse+EB,0.6833333333333333,0.26246850793523735,0.06605360263990373,0.45,0.21888215567656724,0.16777640610062247
40,2,Ellipse+PAC,0.7166666666666667,0.31742090776036314,0.06874788709899927,0.48333333333333334,0.24610455770024242,0.16492861472155654
40,2,Bayesian stacking,0.38333333333333336,0.3429067958785483,0.0861770329434038,0.31666666666666665,0.28719217880444803,0.20204190919047918
40,2,PVI,0.8166666666666667,0.41266800526769865,0.05784221566219355,0.43333333333333335,0.24818353864146037,0.18147812498148155
40,3,Bayesian ridge,0.35,0.09336001540191148,0.1251253116413963,0.23333333333333334,0.0679390061627031,0.23058977313460793
40,3,POPS hypercube,0.7,0.342549436694102,0.07537175337013255,0.48333333333333334,0.24018298861203724,0.17721100088467173
40,3,POPS ellipse,0.7166666666666667,0.39253151949688403,0.12458055551075377,0.48333333333333334,0.32445516717427025,0.2306144582814711
40,3,Ellipse+EB,0.7166666666666667,0.4532726360483853,0.1324434279580365,0.5,0.3877625199468411,0.2281111868610311
40,3,Ellipse+PAC,0.8,0.5894144811257273,0.12935674881446094,0.55,0.39724065345561715,0.22758834985969809
40,3,Bayesian stacking,0.48333333333333334,0.30427686266886333,0.1323207774244374,0.36666666666666664,0.3345755074822623,0.24208974223036103
40,3,PVI,0.7166666666666667,0.4351578019546706,0.10240757457066263,0.4166666666666667,0.30726923848896054,0.21406791587977445
40,4,Bayesian ridge,0.1,0.049279763947272195,0.116111545440353,0.13333333333333333,0.04075250370876088,0.19375515387172954
40,4,POPS hypercube,0.7666666666666667,0.3830816085507075,0.08544843684535416,0.6,0.24802267280406642,0.11528707047672207
40,4,POPS ellipse,0.7833333333333333,0.417682851941368,0.11948534869234745,0.5166666666666667,0.2840858182470825,0.19502029130766652
40,4,Ellipse+EB,0.7833333333333333,0.43531503544255074,0.11339160023939321,0.5166666666666667,0.3148586082911605,0.19288623515442305
40,4,Ellipse+PAC,0.5666666666666667,0.2690439454318653,0.10408783767174501,0.36666666666666664,0.21293647132089413,0.19634926398151062
40,4,Bayesian stacking,0.36666666666666664,0.28950964495554476,0.11992063102222789,0.31666666666666665,0.2548694929143067,0.19653410116554326
40,4,PVI,0.7666666666666667,0.3905174238054362,0.09245042863571779,0.4666666666666667,0.2584606397920156,0.19834105532011126
40,5,Bayesian ridge,0.6333333333333333,0.12942618653706284,0.04533296198777884,0.31666666666666665,0.09978104352788089,0.1489664929420106
40,5,POPS hypercube,0.9166666666666666,0.47193621029765687,0.06822939397224724,0.5833333333333334,0.2959590738328144,0.14416066237536296
40,5,POPS ellipse,0.9,0.45749656856902515,0.04870201472602874,0.5666666666666667,0.30145308039361174,0.1444193341907366
40,5,Ellipse+EB,0.9333333333333333,0.5251418202652631,0.052027443381684094,0.6,0.34287354761093114,0.14487257429812916
40,5,Ellipse+PAC,0.9166666666666666,0.5044308420825923,0.04516569311941803,0.6166666666666667,0.33826292837065197,0.1545560461006113
40,5,Bayesian stacking,0.65,0.4086333706906652,0.04686574442576992,0.43333333333333335,0.33773113476775385,0.15245917275357834
40,5,PVI,0.9166666666666666,0.5469064471427252,0.0536532939703655,0.5666666666666667,0.28396573183282536,0.11956914749483114
40,6,Bayesian ridge,0.5166666666666667,0.1258812458911494,0.0741517425143916,0.31666666666666665,0.09432232674617229,0.168625947271401
40,6,POPS hypercube,1.0,0.9053704529411495,0.1432613340419665,0.7166666666666667,0.49788878817546134,0.1764394125430821
40,6,POPS ellipse,0.9666666666666667,0.9348518078936884,0.07568415103899317,0.7,0.5881146820244398,0.17205252243724117
40,6,Ellipse+EB,0.9666666666666667,0.9657868647344447,0.08879610156421627,0.7333333333333333,0.5989518454011968,0.17068947886479158
40,6,Ellipse+PAC,1.0,1.706511221665785,0.07238562621943292,0.7833333333333333,1.041459940634783,0.1721228177570514
40,6,Bayesian stacking,0.5666666666666667,0.3782885552012235,0.07130106504957709,0.4166666666666667,0.3193240925466594,0.17073193235233236
40,6,PVI,0.8666666666666667,0.5601098024392366,0.10789663603657454,0.55,0.4135620892390416,0.21989119372267624
40,7,Bayesian ridge,0.5833333333333334,0.12728504471950308,0.07178397628572337,0.35,0.09160247268804647,0.14832275047590143
40,7,POPS hypercube,0.9833333333333333,0.5361732610991878,0.1085816733504865,0.6166666666666667,0.3201759008399616,0.11547707960758816
40,7,POPS ellipse,0.9,0.5313823507933833,0.07703070126076128,0.5166666666666667,0.33924880267587626,0.1508346775527236
40,7,Ellipse+EB,0.9333333333333333,0.6393107024172694,0.0860440751973871,0.5666666666666667,0.3710372029657397,0.15244930589301664
40,7,Ellipse+PAC,0.95,0.8154177631795765,0.08343784356896458,0.6166666666666667,0.4535209689488087,0.1498923311879082
40,7,Bayesian stacking,0.6,0.4145826745228852,0.07633878230501943,0.43333333333333335,0.37489794103879737,0.17066296383583326
40,7,PVI,0.8666666666666667,0.6829944836944883,0.11560688254429968,0.43333333333333335,0.38653800053424514,0.2157481991419441
40,8,Bayesian ridge,0.5166666666666667,0.0972742704337957,0.05277762872887591,0.31666666666666665,0.07016877400519693,0.18568015231727497
40,8,POPS hypercube,0.7666666666666667,0.3043045790776938,0.06451449638329465,0.4666666666666667,0.2153883271665643,0.18565267458909082
40,8,POPS ellipse,0.8333333333333334,0.35074015124894786,0.05093120504850049,0.5166666666666667,0.2829349438916862,0.18589692867046467
40,8,Ellipse+EB,0.8333333333333334,0.413710870126228,0.049356477640522756,0.5333333333333333,0.31277203668570475,0.17953718794057472
40,8,Ellipse+PAC,0.9666666666666667,0.6733207082018665,0.06499683183637633,0.6,0.4415659333696137,0.1755559005765737
40,8,Bayesian stacking,0.5666666666666667,0.3723467537813663,0.06878876247377737,0.4,0.34983250765731366,0.1967633642908333
40,8,PVI,0.75,0.4369627420797492,0.08401515038973487,0.45,0.2458937755588753,0.2023070501277138
40,9,Bayesian ridge,0.6,0.12068516081750855,0.05737465412489977,0.25,0.08264235367171607,0.16430776280531537
40,9,POPS hypercube,1.0,1.2247146240333406,0.2828760913284831,0.85,0.5518321421840203,0.12618769488445963
40,9,POPS ellipse,1.0,0.9966258769521756,0.07338065145421258,0.75,0.6244396574112834,0.16327665660212703
40,9,Ellipse+EB,1.0,1.0707611149092333,0.07180971147258428,0.7666666666666667,0.6726248418234144,0.1638242481372334
40,9,Ellipse+PAC,1.0,1.5963913933663298,0.07089631782554662,0.7833333333333333,0.9588024587899975,0.1600911192718501
40,9,Bayesian stacking,0.6166666666666667,0.43493374063112317,0.07078262342728318,0.45,0.3932117823354593,0.1563057807039479
40,9,PVI,0.95,0.703331161876632,0.0960245305872239,0.6166666666666667,0.4607763278682956,0.20954795294306316
40,10,Bayesian ridge,0.6666666666666666,0.131626786259927,0.026036505077860872,0.3333333333333333,0.1018658572488066,0.16788581363186456
40,10,POPS hypercube,1.0,0.8166557559377816,0.11737685225512426,0.7333333333333333,0.42252481653199764,0.1337072287039739
40,10,POPS ellipse,0.9666666666666667,0.6335047146195428,0.0340074925172375,0.6333333333333333,0.4386958565419927,0.15764388895382542
40,10,Ellipse+EB,0.9666666666666667,0.7290033087866243,0.0392782277201695,0.6333333333333333,0.49637167708424146,0.14575792311274435
40,10,Ellipse+PAC,1.0,1.1010975402369345,0.04139745521022291,0.7333333333333333,0.7248554617882618,0.14615904611392969
40,10,Bayesian stacking,0.65,0.4432757627355963,0.037064707720580015,0.4666666666666667,0.4025637410799558,0.15130575858496126
40,10,PVI,0.9,0.7097115234393023,0.10464436352177021,0.4166666666666667,0.39897156406166995,0.19382800793721755
40,11,Bayesian ridge,0.5166666666666667,0.1322824391729453,0.09058363825595835,0.38333333333333336,0.09910344327775175,0.16849222138417416
40,11,POPS hypercube,1.0,1.0072233997506541,0.09364736727216122,0.75,0.5689976220074004,0.1201446885454524
40,11,POPS ellipse,0.9666666666666667,0.8209763921238533,0.0935269470929136,0.6166666666666667,0.48104801646777684,0.17066874437232013
40,11,Ellipse+EB,0.9666666666666667,0.863519269436593,0.09460362710491918,0.6166666666666667,0.506187162307498,0.16859309181092313
40,11,Ellipse+PAC,0.9833333333333333,1.9577962540667735,0.09066399073100248,0.7333333333333333,1.1626258717724358,0.14488779402974367
40,11,Bayesian stacking,0.55,0.24939205933515546,0.08232767621882449,0.4,0.2682927347856914,0.16629055596707615
40,11,PVI,0.95,0.7527895751254436,0.09158295696155891,0.5166666666666667,0.4264147383800142,0.18862733843606289
40,12,Bayesian ridge,0.4166666666666667,0.08218535966132985,0.06033415543983549,0.23333333333333334,0.0622484244044832,0.17709384387508412
40,12,POPS hypercube,1.0,0.7038200197943162,0.08905000713063414,0.6,0.3960466809265936,0.15805926823957095
40,12,POPS ellipse,0.9333333333333333,0.727871079093944,0.05560519387638656,0.5333333333333333,0.4507212472396039,0.17634138133192598
40,12,Ellipse+EB,0.95,0.7409166685623445,0.04982779002254706,0.5833333333333334,0.4733393972925948,0.17490700766585088
40,12,Ellipse+PAC,0.95,0.7973006593173346,0.057703623574959104,0.65,0.5116363824357659,0.17864953193537902
40,12,Bayesian stacking,0.5333333333333333,0.35043458119552884,0.06436361112859207,0.38333333333333336,0.2997875404578011,0.17698798236082436
40,12,PVI,0.9,0.5880618954364568,0.030836598210973527,0.4666666666666667,0.3076127525685074,0.17624750166070768
40,13,Bayesian ridge,0.4666666666666667,0.1305303831785782,0.0870309918193486,0.35,0.10416863625028847,0.17691026885223937
40,13,POPS hypercube,1.0,2.059517586880908,0.4355328638158026,0.8666666666666667,0.7202153288670095,0.19961637073249489
40,13,POPS ellipse,1.0,1.4641899273055903,0.08570384202971684,0.7833333333333333,0.8002151910535578,0.17927128387626812
40,13,Ellipse+EB,1.0,1.5042824095931127,0.09541903072762363,0.7833333333333333,0.8301423206639948,0.18532158543767505
40,13,Ellipse+PAC,1.0,1.440474257119037,0.09264616981948234,0.7666666666666667,0.9117923099774643,0.17830122469199228
40,13,Bayesian stacking,0.5666666666666667,0.3597848151376355,0.09331363261224618,0.4166666666666667,0.3367213628344153,0.17577108278768205
40,13,PVI,0.95,0.8963286288299925,0.05817651443551812,0.6166666666666667,0.5119104690845069,0.17587883969940504
40,14,Bayesian ridge,0.3,0.06045088863908313,0.08261989327945972,0.15,0.04355595474146044,0.18042476861965057
40,14,POPS hypercube,0.8166666666666667,0.3623479407314283,0.05084561153614689,0.5,0.263037764536961,0.15064117651939576
40,14,POPS ellipse,0.7,0.3002039012882869,0.08669423950628381,0.4666666666666667,0.20972348892500994,0.1806679537164721
40,14,Ellipse+EB,0.75,0.3297210364097136,0.08580046512558642,0.5,0.24646917706339674,0.181466348764317
40,14,Ellipse+PAC,0.8333333333333334,0.5293415568464099,0.09148750783520333,0.5666666666666667,0.35666941143102093,0.17914784282564974
40,14,Bayesian stacking,0.5,0.2960054151143984,0.08962290546203705,0.4,0.29347105545931307,0.18316952549984317
40,14,PVI,0.6166666666666667,0.3194240446873877,0.11726966419756035,0.4666666666666667,0.20110885941936424,0.1979484443008176
40,15,Bayesian ridge,0.6833333333333333,0.1455573332200638,0.05037699137567915,0.23333333333333334,0.09905003228368976,0.16104552282614676
40,15,POPS hypercube,0.9833333333333333,1.3487112496928304,0.32380771210182047,0.85,0.5447803837714744,0.11034403117219796
40,15,POPS ellipse,1.0,0.9785118768395648,0.047324235577261925,0.8,0.6738713292979978,0.13809617359272813
40,15,Ellipse+EB,1.0,1.09452630263617,0.04868556184014329,0.8166666666666667,0.7075983189629633,0.13642262713678965
40,15,Ellipse+PAC,1.0,1.507292042049361,0.05374538943627723,0.8166666666666667,0.7987787081670745,0.14511355005732163
40,15,Bayesian stacking,0.7166666666666667,0.498115946238211,0.048938328524729145,0.45,0.362648539086102,0.16242842433378277
40,15,PVI,1.0,1.0317537274724309,0.061081964223636834,0.65,0.5923101658150581,0.13936199821062914
40,16,Bayesian ridge,0.6166666666666667,0.19514537486875158,0.08965951915699649,0.26666666666666666,0.14442283838752962,0.19781331221496734
40,16,POPS hypercube,1.0,1.243361455384989,0.28182088560277196,0.8,0.5792635169395282,0.20315527392094068
40,16,POPS ellipse,1.0,1.719726866141912,0.1069860648894008,0.8166666666666667,0.822224278304631,0.1808510426345203
40,16,Ellipse+EB,1.0,1.778983860432803,0.0958012442415814,0.8166666666666667,0.833935699554503,0.18247190318100942
40,16,Ellipse+PAC,1.0,1.4236929926310844,0.09164199020775884,0.7333333333333333,0.7897042485276735,0.1841156327690531
40,16,Bayesian stacking,0.7,0.43947873355944417,0.06972416562412073,0.48333333333333334,0.3958137676292106,0.16985393758313144
40,16,PVI,0.9666666666666667,1.139972914823287,0.09596900543133938,0.6833333333333333,0.5417388544532983,0.15911341486721586
40,17,Bayesian ridge,0.5833333333333334,0.12673904072670644,0.06086465954307628,0.31666666666666665,0.0953181914201928,0.1700068536613375
40,17,POPS hypercube,1.0,0.6848653710309279,0.09390836029061961,0.65,0.3993923880370137,0.13517630006150394
40,17,POPS ellipse,1.0,0.6289844772967329,0.056685291412766306,0.65,0.4270318843562967,0.15658168331506628
40,17,Ellipse+EB,1.0,0.7023729866161432,0.061856161104550694,0.65,0.4912351830902857,0.15441834901332852
40,17,Ellipse+PAC,1.0,1.080219769623775,0.04736552151768234,0.6666666666666666,0.628054688329983,0.15496202860516053
40,17,Bayesian stacking,0.6333333333333333,0.4137991726099495,0.07916269895335742,0.48333333333333334,0.37113433535878293,0.17071639580619052
40,17,PVI,0.9333333333333333,0.6689068900833006,0.06582290833633891,0.48333333333333334,0.374048638162471,0.17077373071291518
40,18,Bayesian ridge,0.4666666666666667,0.1222058451818949,0.0664381297612105,0.2833333333333333,0.08568678454015227,0.1767573910422876
40,18,POPS hypercube,1.0,0.8587271511340901,0.09276773523453957,0.7166666666666667,0.4770084662906553,0.12406648077285283
40,18,POPS ellipse,0.95,0.7262550223309163,0.057698997278293085,0.6166666666666667,0.5058547884401254,0.181107868718888
40,18,Ellipse+EB,0.9666666666666667,0.7840544794733175,0.055366139399391306,0.6333333333333333,0.5591646793309308,0.17951708545493608
40,18,Ellipse+PAC,1.0,1.5384154977874334,0.06097735481201478,0.7666666666666667,0.9376686467733895,0.1844605146669805
40,18,Bayesian stacking,0.6333333333333333,0.4004729016402039,0.06990147871041609,0.43333333333333335,0.3475912783785324,0.18732042576045058
40,18,PVI,0.9333333333333333,1.082166906761648,0.05271285218354228,0.6666666666666666,0.7828918851411071,0.17558498920078547
40,19,Bayesian ridge,0.23333333333333334,0.06854384737190017,0.11661234912694117,0.21666666666666667,0.054341798566587135,0.20088286756976376
40,19,POPS hypercube,0.5333333333333333,0.24111446439490872,0.11769286678419666,0.4166666666666667,0.18254641724953502,0.19078609956763304
40,19,POPS ellipse,0.6,0.2593746111075331,0.11693357234516327,0.43333333333333335,0.21079823857863556,0.19997103559951376
40,19,Ellipse+EB,0.6333333333333333,0.3045921698173256,0.11665269888137701,0.45,0.25490143883567773,0.20242208260781344
40,19,Ellipse+PAC,0.75,0.4211830351262591,0.10865358790672766,0.4666666666666667,0.30819048095745893,0.19788947240847427
40,19,Bayesian stacking,0.4666666666666667,0.2896518082687515,0.1163662820054562,0.4,0.27082697396307187,0.20557871601031363
40,19,PVI,0.7333333333333333,0.5870329238828067,0.13043272993198995,0.48333333333333334,0.3920228491609512,0.21471129580272047
80,0,Bayesian ridge,0.5,0.09939841119203692,0.057207080835078666,0.25,0.07507462103314921,0.14598464424643479
80,0,POPS hypercube,1.0,1.3981055103151592,0.1420258770056103,0.8166666666666667,0.6289501933053183,0.09472530685233974
80,0,POPS ellipse,1.0,0.7958549684680166,0.05948282922298928,0.6666666666666666,0.555338202932582,0.13869229927126073
80,0,Ellipse+EB,1.0,0.8909655750461862,0.055801878114246035,0.6833333333333333,0.5634058690036301,0.13669415861557754
80,0,Ellipse+PAC,1.0,0.9188881439073173,0.05794262085055201,0.65,0.542333944683745,0.14260754183316982
80,0,Bayesian stacking,0.6166666666666667,0.3525020844280506,0.05604759673373251,0.45,0.35374231099521614,0.14783585003012706
80,0,PVI,0.9333333333333333,0.7415808851901848,0.030777703813653315,0.45,0.3499313459117393,0.16564453439091148
80,1,Bayesian ridge,0.5666666666666667,0.07271033660339746,0.028915319766688388,0.16666666666666666,0.05678102802340585,0.15676199709552732
80,1,POPS hypercube,1.0,1.2653303133092884,0.21808642994623417,0.8166666666666667,0.5983712156011273,0.14121055039568317
80,1,POPS ellipse,1.0,0.9645250496890214,0.04156412860256402,0.75,0.6445551797782036,0.1586761538174053
80,1,Ellipse+EB,1.0,0.980389122467122,0.04105377869875008,0.75,0.6639654049059028,0.1549923277790221
80,1,Ellipse+PAC,1.0,0.9736183651101936,0.03477395039960406,0.7333333333333333,0.6743823405013655,0.15920064464087733
80,1,Bayesian stacking,0.6166666666666667,0.36724094626020365,0.03237892045179572,0.4166666666666667,0.30941980865696705,0.15709314571447597
80,1,PVI,0.9166666666666666,0.6737324110269324,0.05439522925018458,0.5833333333333334,0.36422313499650416,0.17699242928575426
80,2,Bayesian ridge,0.36666666666666664,0.04609728242342105,0.0425346222246538,0.15,0.03496150603807446,0.16845573875593123
80,2,POPS hypercube,0.8833333333333333,0.40401801369791834,0.05172912283641165,0.5833333333333334,0.26205736011780834,0.11463137451111453
80,2,POPS ellipse,0.8,0.3521919027995505,0.039488752386894296,0.5,0.26190941493352426,0.16632528738175992
80,2,Ellipse+EB,0.8,0.3654317804326044,0.03972536824385382,0.5333333333333333,0.2705240731969206,0.167332146893539
80,2,Ellipse+PAC,0.8166666666666667,0.37235649075985416,0.039180727585843164,0.5166666666666667,0.3172225572911617,0.168458572798448
80,2,Bayesian stacking,0.48333333333333334,0.32535005342893425,0.05190542676677442,0.36666666666666664,0.2824318979522296,0.17516950320664532
80,2,PVI,0.7333333333333333,0.2641548807265797,0.046734050839150575,0.4166666666666667,0.2261423155641461,0.16908230073357722
80,3,Bayesian ridge,0.31666666666666665,0.06935912670869727,0.08898226332705457,0.26666666666666666,0.05774227906986577,0.1704851805296872
80,3,POPS hypercube,0.9,0.4984277053421667,0.09713959029208251,0.6,0.37309917360535333,0.1316629196580813
80,3,POPS ellipse,0.8666666666666667,0.4644949210753936,0.09551612663959827,0.5333333333333333,0.3381790268115426,0.17027069227061586
80,3,Ellipse+EB,0.8666666666666667,0.5021309797626543,0.10472168769802628,0.5833333333333334,0.3566964496695446,0.1730391896688846
80,3,Ellipse+PAC,0.9166666666666666,0.7213398941535436,0.10887029446119356,0.6166666666666667,0.5420019831840382,0.17673123513514305
80,3,Bayesian stacking,0.5166666666666667,0.32778895685251136,0.09738275850809039,0.4166666666666667,0.32606001731234147,0.19497562477524902
80,3,PVI,0.8666666666666667,0.4819201192904544,0.08513186499946801,0.38333333333333336,0.30719463892504467,0.20018738794982333
80,4,Bayesian ridge,0.13333333333333333,0.05117036685437703,0.11269779933813695,0.15,0.039891614724518853,0.19957200520922364
80,4,POPS hypercube,0.75,0.316363322459965,0.05611956195098755,0.5333333333333333,0.2612464697399276,0.14662109564404208
80,4,POPS ellipse,0.75,0.36137906626322164,0.10673017843027849,0.4,0.2770462231934718,0.19814669427186415
80,4,Ellipse+EB,0.75,0.3821138210503562,0.10263697963977952,0.45,0.29780695164407567,0.19581402665110065
80,4,Ellipse+PAC,0.8166666666666667,0.49823805408700406,0.112088797916165,0.5166666666666667,0.3486094891065995,0.19950995481961314
80,4,Bayesian stacking,0.3333333333333333,0.29867122597842605,0.12164646225446639,0.3333333333333333,0.25842403081331233,0.21391248032971621
80,4,PVI,0.6833333333333333,0.31841168841986256,0.11653284455962468,0.4,0.25408383741951585,0.20478052642596362
80,5,Bayesian ridge,0.6166666666666667,0.09950692461399935,0.03431363320411647,0.11666666666666667,0.07065319996255828,0.1656558857719596
80,5,POPS hypercube,1.0,2.631103051884036,0.5783096319898218,0.9666666666666667,0.8652264945323291,0.17145781640668875
80,5,POPS ellipse,1.0,1.887836782310681,0.05043944294549942,0.85,0.8809152446762178,0.1581043801721737
80,5,Ellipse+EB,1.0,1.9210563350741428,0.05581817510522327,0.85,0.8841276124530584,0.1619687779880842
80,5,Ellipse+PAC,1.0,1.6903186726417845,0.039941017474752524,0.8166666666666667,0.9388541804113008,0.12208570852979922
80,5,Bayesian stacking,0.6166666666666667,0.38323379080583164,0.04227379613603814,0.4166666666666667,0.31375575764736197,0.1731964172198848
80,5,PVI,0.95,0.873437708511885,0.057765260934031254,0.4666666666666667,0.47624573854569313,0.17184744843421823
80,6,Bayesian ridge,0.36666666666666664,0.06398685850985417,0.056750475484825605,0.11666666666666667,0.04785845244347508,0.16910795805416862
80,6,POPS hypercube,1.0,0.7988474333604993,0.1380866303944089,0.7333333333333333,0.41228972971609346,0.15896164394166284
80,6,POPS ellipse,0.9333333333333333,0.6491654384243479,0.05843968761457555,0.5166666666666667,0.44860703449060213,0.16948641345208307
80,6,Ellipse+EB,0.9666666666666667,0.6837341209911763,0.06160337083955776,0.5833333333333334,0.47498873186139107,0.1707484211037963
80,6,Ellipse+PAC,0.9666666666666667,0.7442987287929467,0.05964021752506951,0.6333333333333333,0.4949619613764329,0.1633338991512662
80,6,Bayesian stacking,0.5166666666666667,0.3389157101976601,0.0655570557771527,0.4,0.3093594603990051,0.1682490129414489
80,6,PVI,0.8,0.43787325205378513,0.07701359896088408,0.43333333333333335,0.31035642439700056,0.19513540757675363
80,7,Bayesian ridge,0.3333333333333333,0.06800570193260869,0.05270446618102432,0.16666666666666666,0.05124994945923539,0.16259331409198638
80,7,POPS hypercube,0.9666666666666667,0.4654204423869279,0.056005804716738,0.55,0.27780909589618535,0.16490527737116117
80,7,POPS ellipse,0.9,0.49040219951794606,0.057726502596712394,0.43333333333333335,0.31300142897757743,0.15570454567835382
80,7,Ellipse+EB,0.9166666666666666,0.5055591943908949,0.06504117591303109,0.4666666666666667,0.32964318417017496,0.15728773863763162
80,7,Ellipse+PAC,0.9166666666666666,0.5969872367532162,0.04882401351688363,0.5333333333333333,0.3760750650927683,0.14563485706323281
80,7,Bayesian stacking,0.6,0.3533226438421515,0.06030007160630077,0.4166666666666667,0.32599793191992493,0.15941758962781344
80,7,PVI,0.7666666666666667,0.4505945754434193,0.0653470849142551,0.4,0.252327238878571,0.17895066284023559
80,8,Bayesian ridge,0.43333333333333335,0.08647303307973733,0.08388408616774773,0.3333333333333333,0.07027600682512,0.16073237815571684
80,8,POPS hypercube,1.0,0.7716558075065554,0.15704239680992826,0.7,0.5109104167734366,0.21254625680225342
80,8,POPS ellipse,1.0,0.7323477209119371,0.08415923939623224,0.5833333333333334,0.5190950221949895,0.15648894680645667
80,8,Ellipse+EB,1.0,0.7867522548634951,0.08214982142437526,0.6,0.5355520918415537,0.15529628188407374
80,8,Ellipse+PAC,1.0,0.8323996770500928,0.10006717068223256,0.5833333333333334,0.5552186300104394,0.16510531356964364
80,8,Bayesian stacking,0.6,0.34228720327265433,0.08777363040627792,0.43333333333333335,0.35052232910744896,0.16424932083351534
80,8,PVI,0.9,0.646250710767395,0.04817211862991501,0.48333333333333334,0.3719301411977999,0.16897778854490192
80,9,Bayesian ridge,0.5166666666666667,0.08124895999122325,0.05558559527949458,0.21666666666666667,0.05892659738681848,0.16083392756946185
80,9,POPS hypercube,0.9833333333333333,0.7186420178179973,0.09726849795140605,0.7333333333333333,0.43734178774630417,0.11893733952348692
80,9,POPS ellipse,0.9166666666666666,0.6046573813801474,0.06877752796721759,0.5166666666666667,0.38836906067948224,0.16479165658394598
80,9,Ellipse+EB,0.9333333333333333,0.6567281622201628,0.07299434634761871,0.6166666666666667,0.41597462660621004,0.16212066008277437
80,9,Ellipse+PAC,0.9166666666666666,0.5862053724023109,0.07133751960598657,0.5666666666666667,0.3979439571967558,0.16474013438111873
80,9,Bayesian stacking,0.6,0.39680056261237107,0.06593231875028874,0.43333333333333335,0.34534195489106806,0.17169790642666732
80,9,PVI,0.8666666666666667,0.5477723769782317,0.08248755452422346,0.5833333333333334,0.361918359436049,0.15950729655141435
80,10,Bayesian ridge,0.6,0.1027999452219806,0.04444270360251226,0.3,0.08126792326520182,0.15984570524531774
80,10,POPS hypercube,1.0,3.330588559890889,1.1131106330349456,0.9833333333333333,1.0050225953585457,0.1812314494215917
80,10,POPS ellipse,1.0,2.0626429134695576,0.07690140054420304,0.9166666666666666,1.0665417917511915,0.17494555259625139
80,10,Ellipse+EB,1.0,2.15042313641093,0.057447618742732035,0.9166666666666666,1.0704851953768384,0.1698464792032157
80,10,Ellipse+PAC,1.0,2.258714523280956,0.05042785757232177,0.9166666666666666,1.0171700685238139,0.1500099214780823
80,10,Bayesian stacking,0.6166666666666667,0.3755138223302948,0.0521384019072022,0.43333333333333335,0.3467411618286947,0.1498622178987581
80,10,PVI,0.9833333333333333,0.8978249346487563,0.09185103330059247,0.6333333333333333,0.543244964182221,0.17894986522796036
80,11,Bayesian ridge,0.3,0.06182695390755703,0.0703865939028203,0.18333333333333332,0.04358843207441496,0.16385469021332463
80,11,POPS hypercube,0.9666666666666667,0.575481589668717,0.08317297132727294,0.55,0.31036727770508404,0.15505193553663701
80,11,POPS ellipse,0.9166666666666666,0.6191614887675595,0.07155301405838943,0.5,0.37839895313941435,0.1656341639347006
80,11,Ellipse+EB,0.9166666666666666,0.6278063690426365,0.06999635594319312,0.55,0.4009296771870373,0.1658514415191162
80,11,Ellipse+PAC,0.9833333333333333,1.1643898347954411,0.09663357343482629,0.75,0.7220443278686368,0.1753432372473721
80,11,Bayesian stacking,0.45,0.31842444332054115,0.07716315861351292,0.4,0.30111466739111714,0.16652547633660958
80,11,PVI,0.9,0.5238251987994325,0.07049029953438167,0.4666666666666667,0.33246435119179013,0.18427617772479382
80,12,Bayesian ridge,0.5166666666666667,0.07708307186066922,0.04779066034535882,0.23333333333333334,0.052405778177075105,0.17172158074791652
80,12,POPS hypercube,1.0,1.2664093037185236,0.18176215953031322,0.8166666666666667,0.6169464979087023,0.1134219212592707
80,12,POPS ellipse,0.9833333333333333,0.8727890265937542,0.048176767739402174,0.6833333333333333,0.5757994337805049,0.16847368999194923
80,12,Ellipse+EB,0.9833333333333333,0.9153919748416737,0.05495232900542656,0.7,0.5786010395182355,0.1649690110284721
80,12,Ellipse+PAC,1.0,1.1242659164569302,0.061352945638532316,0.75,0.7552008755686233,0.17000804553888904
80,12,Bayesian stacking,0.5666666666666667,0.383659156036564,0.06137890601950145,0.4,0.3229902812100763,0.17381350647035024
80,12,PVI,0.95,0.707407704569449,0.04934966595658204,0.55,0.42388611253987496,0.17726047686058122
80,13,Bayesian ridge,0.5,0.07202126978069431,0.0386353602316941,0.13333333333333333,0.054224476291488244,0.16369890916562913
80,13,POPS hypercube,1.0,1.368417100680321,0.21581845707086,0.8166666666666667,0.586766045991826,0.11982670876160564
80,13,POPS ellipse,1.0,0.9442428254899153,0.04179205039450459,0.7166666666666667,0.6214996775890067,0.15202292966195988
80,13,Ellipse+EB,1.0,0.9441381237703417,0.046173275940852875,0.75,0.6309447205858487,0.1536489044324293
80,13,Ellipse+PAC,1.0,0.9059618212222406,0.0632792200185526,0.7166666666666667,0.6096276264991091,0.157648130160385
80,13,Bayesian stacking,0.55,0.3559216884156335,0.0451306445598678,0.4166666666666667,0.3116607658334404,0.16120604733143062
80,13,PVI,0.95,0.655990683485739,0.04705381286872763,0.6166666666666667,0.441016815626326,0.1677751995586973
80,14,Bayesian ridge,0.38333333333333336,0.0680626461332788,0.061196416615780014,0.18333333333333332,0.048253239547148316,0.1764664285829755
80,14,POPS hypercube,1.0,1.3630499416601367,0.1962666898337801,0.8166666666666667,0.6747943554920179,0.12866218307244814
80,14,POPS ellipse,0.9833333333333333,0.9066771259375441,0.06595985726197556,0.6833333333333333,0.5804040771684378,0.1848748296002273
80,14,Ellipse+EB,0.9833333333333333,0.9612010845227789,0.05448206021035468,0.6833333333333333,0.608574665176126,0.17561946734630426
80,14,Ellipse+PAC,0.9833333333333333,1.2083059400847989,0.06559789859003176,0.7333333333333333,0.8047017472956081,0.16455930344583217
80,14,Bayesian stacking,0.5333333333333333,0.3616262966609937,0.06828769138935467,0.4,0.3320835104363462,0.1802730030516146
80,14,PVI,0.8833333333333333,0.6233725083788868,0.10164435750366765,0.48333333333333334,0.387173124640891,0.20016753686378252
80,15,Bayesian ridge,0.6166666666666667,0.09635663115051538,0.030252790289077545,0.25,0.06867503784198897,0.15903648006149135
80,15,POPS hypercube,1.0,1.4246594460193782,0.21757493145790208,0.8333333333333334,0.5895798131607617,0.11879614462098709
80,15,POPS ellipse,1.0,1.0910824491839706,0.028845263227476964,0.7666666666666667,0.6861842674277069,0.15689314206329213
80,15,Ellipse+EB,1.0,1.1065424151453436,0.03915162712145234,0.7666666666666667,0.7206498098056993,0.151568518384702
80,15,Ellipse+PAC,1.0,1.3135292194883172,0.03261363087076972,0.8166666666666667,0.8257617086651937,0.14907969395102388
80,15,Bayesian stacking,0.65,0.4298913017904671,0.0429530661253215,0.4166666666666667,0.34778260272768247,0.14675143429627655
80,15,PVI,0.9666666666666667,0.8573759695987428,0.0452440133865263,0.6333333333333333,0.49219108987667515,0.1467403256489153
80,16,Bayesian ridge,0.4666666666666667,0.09837554357686044,0.05774720868825654,0.2833333333333333,0.07212384102508992,0.1458605156607378
80,16,POPS hypercube,1.0,1.0125262361231782,0.1635806147820416,0.8166666666666667,0.5352806584768723,0.1638235340368837
80,16,POPS ellipse,0.9833333333333333,0.897396180964517,0.0699911779682617,0.65,0.5606251850676816,0.160007443856996
80,16,Ellipse+EB,1.0,0.9127654742474591,0.07156442251869417,0.6666666666666666,0.5764981946516267,0.15473697793798485
80,16,Ellipse+PAC,1.0,0.872300373462036,0.06552506262784977,0.6,0.5311294611070922,0.1441954035559278
80,16,Bayesian stacking,0.5833333333333334,0.37505955544518144,0.06468879743096993,0.4166666666666667,0.3380551918492368,0.1487502306238453
80,16,PVI,0.8,0.6650131392101531,0.10181964116646222,0.5333333333333333,0.3809598268925365,0.19547919099670052
80,17,Bayesian ridge,0.5,0.07352450092931476,0.04422497922086539,0.26666666666666666,0.05433792800066813,0.15425530639299573
80,17,POPS hypercube,1.0,0.8131619456616757,0.09337548887639481,0.7,0.48050445930785735,0.10629374628265337
80,17,POPS ellipse,0.9666666666666667,0.6645756256518085,0.042883705076818934,0.6333333333333333,0.43435088013577217,0.14836665974645508
80,17,Ellipse+EB,0.9833333333333333,0.7041858551563891,0.05240808165292902,0.65,0.4734373560476066,0.14560138526151134
80,17,Ellipse+PAC,1.0,0.802449811646578,0.05794212700034979,0.6166666666666667,0.5453918302884153,0.152861038932881
80,17,Bayesian stacking,0.5333333333333333,0.33179607166396874,0.049997794945806806,0.4,0.2918558945468154,0.16120038607223822
80,17,PVI,0.9166666666666666,0.581716812199276,0.04530321980505454,0.55,0.3616896654351207,0.16968375359513754
80,18,Bayesian ridge,0.3,0.07197123336973407,0.07672178546903924,0.18333333333333332,0.05357568496145518,0.1915662496208605
80,18,POPS hypercube,0.9833333333333333,0.8325731614253166,0.09950296337249702,0.75,0.5111717673302264,0.13645453761196083
80,18,POPS ellipse,0.9166666666666666,0.6778174927205396,0.07510057064343363,0.6,0.4852305208135117,0.18548180314249096
80,18,Ellipse+EB,0.9333333333333333,0.6980015539506208,0.08619954532469032,0.6,0.5149017304181305,0.18291922959928653
80,18,Ellipse+PAC,0.9666666666666667,0.8963297203594169,0.08893559449448216,0.6333333333333333,0.6244357925687054,0.1891810190608127
80,18,Bayesian stacking,0.5,0.31224860135382004,0.09370609451417394,0.4,0.315817491338599,0.19683307035379516
80,18,PVI,0.8833333333333333,0.6624549047760058,0.08669317197835394,0.5166666666666667,0.38426717896497486,0.1947489378354415
80,19,Bayesian ridge,0.2833333333333333,0.06100884444884748,0.08547505088985338,0.26666666666666666,0.05018393924489637,0.1697288169163435
80,19,POPS hypercube,0.8666666666666667,0.5639328080537319,0.11969162973115208,0.6166666666666667,0.3646516439377353,0.1963091031587858
80,19,POPS ellipse,0.8333333333333334,0.4947272575089572,0.08540510596829758,0.55,0.32494956264213937,0.17003031612861047
80,19,Ellipse+EB,0.8666666666666667,0.5317045578273956,0.08783714693209368,0.5666666666666667,0.3585454105787875,0.1700294426029244
80,19,Ellipse+PAC,0.8,0.4936598556622053,0.07400524752198448,0.5166666666666667,0.32261461505469746,0.16723549683841343
80,19,Bayesian stacking,0.5666666666666667,0.3087415751982948,0.08256064359899372,0.4166666666666667,0.3038192129365765,0.17819341596644522
80,19,PVI,0.8166666666666667,0.5206183364986369,0.09151220046103076,0.5166666666666667,0.33388024054255583,0.1897532273739218
