problem,size,seed,n_units,n_test_units,units_per_param,fold,prior_std,n_prior_draws,test_unit_fraction,softmax_median,softmax_spread
quartic,20.0,0,20,2000,4.0,0,1.0,64,0.25,1.5763471506697115,0.3175212300360881
quartic,20.0,0,20,2000,4.0,0,1.0,256,0.25,1.6069081215663503,0.36439994965886413
quartic,20.0,0,20,2000,4.0,0,1.0,1024,0.25,1.6512555488802714,0.12590230460352747
quartic,20.0,0,20,2000,4.0,0,1.0,4096,0.25,1.7089926206853705,0.1262627075812992
quartic,20.0,0,20,2000,4.0,0,1.0,64,0.5,1.5765260942583863,0.37037131827342185
quartic,20.0,0,20,2000,4.0,0,1.0,256,0.5,1.5857865787655094,0.2179854862839572
quartic,20.0,0,20,2000,4.0,0,1.0,1024,0.5,1.7101172296948268,0.3348001658897679
quartic,20.0,0,20,2000,4.0,0,1.0,4096,0.5,1.6900687573669297,0.14775276348797028
quartic,20.0,0,20,2000,4.0,0,1.0,64,1.0,1.571732188870541,0.6443431934123101
quartic,20.0,0,20,2000,4.0,0,1.0,256,1.0,1.6680826469460706,0.4382343511287876
quartic,20.0,0,20,2000,4.0,0,1.0,1024,1.0,1.687079226311432,0.3850217572229646
quartic,20.0,0,20,2000,4.0,0,1.0,4096,1.0,1.6758552152645347,0.2542719223486789
quartic,20.0,0,20,2000,4.0,1,0.125,64,0.25,0.6884020913075881,0.12560533065937163
quartic,20.0,0,20,2000,4.0,1,0.125,256,0.25,0.693167412636434,0.1643144281126504
quartic,20.0,0,20,2000,4.0,1,0.125,1024,0.25,0.7219233858308166,0.11946779359704718
quartic,20.0,0,20,2000,4.0,1,0.125,4096,0.25,0.704647460242257,0.09835487632034545
quartic,20.0,0,20,2000,4.0,1,0.125,64,0.5,0.7076205235270976,0.07020588183550058
quartic,20.0,0,20,2000,4.0,1,0.125,256,0.5,0.7281113882560051,0.11773842597936568
quartic,20.0,0,20,2000,4.0,1,0.125,1024,0.5,0.7276321975937055,0.06627828612423492
quartic,20.0,0,20,2000,4.0,1,0.125,4096,0.5,0.7294896271553719,0.09047879390352043
quartic,20.0,0,20,2000,4.0,1,0.125,64,1.0,0.7153492519699549,0.030625176703241053
quartic,20.0,0,20,2000,4.0,1,0.125,256,1.0,0.723298983363821,0.011461031965463109
quartic,20.0,0,20,2000,4.0,1,0.125,1024,1.0,0.722667186631893,0.00521539660217174
quartic,20.0,0,20,2000,4.0,1,0.125,4096,1.0,0.7233808654301597,0.0035482978153864586
quartic,20.0,1,20,2000,4.0,0,0.125,64,0.25,0.6201225715478104,0.04825222376505112
quartic,20.0,1,20,2000,4.0,0,0.125,256,0.25,0.6250278550742472,0.04566557367722679
quartic,20.0,1,20,2000,4.0,0,0.125,1024,0.25,0.6217117590097099,0.05764178042423351
quartic,20.0,1,20,2000,4.0,0,0.125,4096,0.25,0.6459246768831755,0.07123959888751685
quartic,20.0,1,20,2000,4.0,0,0.125,64,0.5,0.6357996038885089,0.05076035144390589
quartic,20.0,1,20,2000,4.0,0,0.125,256,0.5,0.6348256470309229,0.04055263774136153
quartic,20.0,1,20,2000,4.0,0,0.125,1024,0.5,0.6303272244569509,0.023223246726703506
quartic,20.0,1,20,2000,4.0,0,0.125,4096,0.5,0.633233057433025,0.022167163304908866
quartic,20.0,1,20,2000,4.0,0,0.125,64,1.0,0.6373176730673721,0.015423930472630798
quartic,20.0,1,20,2000,4.0,0,0.125,256,1.0,0.6351213350592654,0.004144321566666331
quartic,20.0,1,20,2000,4.0,0,0.125,1024,1.0,0.6329434758090846,0.00301836988209625
quartic,20.0,1,20,2000,4.0,0,0.125,4096,1.0,0.6325497603600438,0.0011903948432373523
quartic,20.0,1,20,2000,4.0,1,1.0,64,0.25,2.1298730162840442,1.2454378074636911
quartic,20.0,1,20,2000,4.0,1,1.0,256,0.25,2.4942945867196245,0.9945248063573575
quartic,20.0,1,20,2000,4.0,1,1.0,1024,0.25,2.6205744088886718,0.6072181230691132
quartic,20.0,1,20,2000,4.0,1,1.0,4096,0.25,2.7365550867120474,0.4603420907161846
quartic,20.0,1,20,2000,4.0,1,1.0,64,0.5,1.9858673924457255,1.325522227942725
quartic,20.0,1,20,2000,4.0,1,1.0,256,0.5,2.461070168320271,0.8661104195800613
quartic,20.0,1,20,2000,4.0,1,1.0,1024,0.5,2.6484707237304557,0.6872264664217993
quartic,20.0,1,20,2000,4.0,1,1.0,4096,0.5,2.837615805378994,0.4057667315501905
quartic,20.0,1,20,2000,4.0,1,1.0,64,1.0,2.051834087704804,1.0496897679200452
quartic,20.0,1,20,2000,4.0,1,1.0,256,1.0,2.433055555439263,0.7589315258790563
quartic,20.0,1,20,2000,4.0,1,1.0,1024,1.0,2.666798490497113,0.7077235736897558
quartic,20.0,1,20,2000,4.0,1,1.0,4096,1.0,2.8224898073451175,0.4829944543126339
quartic,20.0,2,20,2000,4.0,0,0.125,64,0.25,0.8284503569588282,0.14346419324526138
quartic,20.0,2,20,2000,4.0,0,0.125,256,0.25,0.8283905298383023,0.1648755072284097
quartic,20.0,2,20,2000,4.0,0,0.125,1024,0.25,0.8241223927924812,0.15302374822282816
quartic,20.0,2,20,2000,4.0,0,0.125,4096,0.25,0.81303225758275,0.14477599394275464
quartic,20.0,2,20,2000,4.0,0,0.125,64,0.5,0.8352295500066493,0.04978913171939914
quartic,20.0,2,20,2000,4.0,0,0.125,256,0.5,0.8462922337851566,0.06258213504526156
quartic,20.0,2,20,2000,4.0,0,0.125,1024,0.5,0.8374964205433709,0.06246753967019836
quartic,20.0,2,20,2000,4.0,0,0.125,4096,0.5,0.8571166410956415,0.10279276572906226
quartic,20.0,2,20,2000,4.0,0,0.125,64,1.0,0.841041723133487,0.011600405345019493
quartic,20.0,2,20,2000,4.0,0,0.125,256,1.0,0.8416187858259008,0.005803348616407744
quartic,20.0,2,20,2000,4.0,0,0.125,1024,1.0,0.8429255436461341,0.002095642225739325
quartic,20.0,2,20,2000,4.0,0,0.125,4096,1.0,0.842336637747362,0.0011527180510785273
quartic,20.0,2,20,2000,4.0,1,0.125,64,0.25,0.818501951600207,0.17253901555148554
quartic,20.0,2,20,2000,4.0,1,0.125,256,0.25,0.8136129112784269,0.14724871925667016
quartic,20.0,2,20,2000,4.0,1,0.125,1024,0.25,0.8456779936066439,0.20144760622515123
quartic,20.0,2,20,2000,4.0,1,0.125,4096,0.25,0.8104942946549858,0.09683843788241564
quartic,20.0,2,20,2000,4.0,1,0.125,64,0.5,0.8192116499226763,0.0979196648419437
quartic,20.0,2,20,2000,4.0,1,0.125,256,0.5,0.8177198157075359,0.09403961188144705
quartic,20.0,2,20,2000,4.0,1,0.125,1024,0.5,0.8530200284828255,0.10303949347450758
quartic,20.0,2,20,2000,4.0,1,0.125,4096,0.5,0.8264480260598985,0.08498667398746695
quartic,20.0,2,20,2000,4.0,1,0.125,64,1.0,0.8180846031873801,0.013904026743551068
quartic,20.0,2,20,2000,4.0,1,0.125,256,1.0,0.8199148032052402,0.00579360160025133
quartic,20.0,2,20,2000,4.0,1,0.125,1024,1.0,0.821023904138799,0.0050359336910675845
quartic,20.0,2,20,2000,4.0,1,0.125,4096,1.0,0.8202252191982282,0.0016774019249596872
quartic,300.0,0,300,2000,60.0,0,0.125,64,0.25,0.8181083046623194,0.16313221351441665
quartic,300.0,0,300,2000,60.0,0,0.125,256,0.25,0.8423776764331188,0.1356915405663276
quartic,300.0,0,300,2000,60.0,0,0.125,1024,0.25,0.8361491419096074,0.16100758662262904
quartic,300.0,0,300,2000,60.0,0,0.125,4096,0.25,0.8538128904700917,0.23550183008099945
quartic,300.0,0,300,2000,60.0,0,0.125,64,0.5,0.7660975317335412,0.14323777691805883
quartic,300.0,0,300,2000,60.0,0,0.125,256,0.5,0.7945148730355505,0.15994856351197895
quartic,300.0,0,300,2000,60.0,0,0.125,1024,0.5,0.8423604216584792,0.14657630377462483
quartic,300.0,0,300,2000,60.0,0,0.125,4096,0.5,0.8669746345990262,0.12295950101975728
quartic,300.0,0,300,2000,60.0,0,0.125,64,1.0,0.7958278112091495,0.0689387679380774
quartic,300.0,0,300,2000,60.0,0,0.125,256,1.0,0.816070353688007,0.09020619326945656
quartic,300.0,0,300,2000,60.0,0,0.125,1024,1.0,0.8422143132603904,0.11409103295945577
quartic,300.0,0,300,2000,60.0,0,0.125,4096,1.0,0.888732877616639,0.12769404975573273
quartic,300.0,0,300,2000,60.0,1,0.125,64,0.25,0.7476108429029196,0.16633799836086993
quartic,300.0,0,300,2000,60.0,1,0.125,256,0.25,0.7543187193666065,0.24228711155654858
quartic,300.0,0,300,2000,60.0,1,0.125,1024,0.25,0.7859930271850304,0.14469588408766831
quartic,300.0,0,300,2000,60.0,1,0.125,4096,0.25,0.8153778816887995,0.1055436888258432
quartic,300.0,0,300,2000,60.0,1,0.125,64,0.5,0.756947358221354,0.11562530764503542
quartic,300.0,0,300,2000,60.0,1,0.125,256,0.5,0.7684659956132311,0.10391032378916132
quartic,300.0,0,300,2000,60.0,1,0.125,1024,0.5,0.7895249557039321,0.07892582522737812
quartic,300.0,0,300,2000,60.0,1,0.125,4096,0.5,0.851193307465026,0.16877830428526797
quartic,300.0,0,300,2000,60.0,1,0.125,64,1.0,0.7713012065155256,0.05342216389264065
quartic,300.0,0,300,2000,60.0,1,0.125,256,1.0,0.7661312477206739,0.052383765573485896
quartic,300.0,0,300,2000,60.0,1,0.125,1024,1.0,0.802877306414109,0.058650334045851515
quartic,300.0,0,300,2000,60.0,1,0.125,4096,1.0,0.8338580472294229,0.08018758390130387
quartic,300.0,1,300,2000,60.0,0,0.125,64,0.25,0.7684732536379932,0.11037129739311824
quartic,300.0,1,300,2000,60.0,0,0.125,256,0.25,0.8361052642017976,0.1474660850619579
quartic,300.0,1,300,2000,60.0,0,0.125,1024,0.25,0.7960498135627354,0.203465829028872
quartic,300.0,1,300,2000,60.0,0,0.125,4096,0.25,0.8084965558083173,0.17089837110605677
quartic,300.0,1,300,2000,60.0,0,0.125,64,0.5,0.7921617438486224,0.12715085962266748
quartic,300.0,1,300,2000,60.0,0,0.125,256,0.5,0.7392485961189226,0.165833391823885
quartic,300.0,1,300,2000,60.0,0,0.125,1024,0.5,0.8079783154464735,0.10929177267356793
quartic,300.0,1,300,2000,60.0,0,0.125,4096,0.5,0.8392354453216854,0.10920736550716781
quartic,300.0,1,300,2000,60.0,0,0.125,64,1.0,0.7577717224441123,0.039927212719747196
quartic,300.0,1,300,2000,60.0,0,0.125,256,1.0,0.7647733979497053,0.0444272180236287
quartic,300.0,1,300,2000,60.0,0,0.125,1024,1.0,0.8015598553633216,0.042194867117756996
quartic,300.0,1,300,2000,60.0,0,0.125,4096,1.0,0.8076435756995444,0.0564740102526019
quartic,300.0,1,300,2000,60.0,1,0.125,64,0.25,0.7665735305058164,0.20434561794623496
quartic,300.0,1,300,2000,60.0,1,0.125,256,0.25,0.7761168869982955,0.17492401143693204
quartic,300.0,1,300,2000,60.0,1,0.125,1024,0.25,0.7973103678851841,0.15912811622966683
quartic,300.0,1,300,2000,60.0,1,0.125,4096,0.25,0.8243084689050248,0.20174664054116753
quartic,300.0,1,300,2000,60.0,1,0.125,64,0.5,0.7445406878325425,0.09624810238780335
quartic,300.0,1,300,2000,60.0,1,0.125,256,0.5,0.7916060366034698,0.08135027919777693
quartic,300.0,1,300,2000,60.0,1,0.125,1024,0.5,0.8066003283340527,0.12967976638441503
quartic,300.0,1,300,2000,60.0,1,0.125,4096,0.5,0.7922181394546618,0.16099418881612537
quartic,300.0,1,300,2000,60.0,1,0.125,64,1.0,0.7545532494427671,0.03503184039983398
quartic,300.0,1,300,2000,60.0,1,0.125,256,1.0,0.7786366114129336,0.07169518082118631
quartic,300.0,1,300,2000,60.0,1,0.125,1024,1.0,0.7942860844487003,0.06976526929203919
quartic,300.0,1,300,2000,60.0,1,0.125,4096,1.0,0.8413401067305295,0.07129500068425443
quartic,300.0,2,300,2000,60.0,0,0.125,64,0.25,0.7767823945790812,0.1987207594254622
quartic,300.0,2,300,2000,60.0,0,0.125,256,0.25,0.774735349306553,0.13663145940471622
quartic,300.0,2,300,2000,60.0,0,0.125,1024,0.25,0.8388066201268036,0.17947226241805891
quartic,300.0,2,300,2000,60.0,0,0.125,4096,0.25,0.8665511163130823,0.19056627452977204
quartic,300.0,2,300,2000,60.0,0,0.125,64,0.5,0.7572193646820842,0.07650270484841482
quartic,300.0,2,300,2000,60.0,0,0.125,256,0.5,0.8122160340445266,0.1165365702701997
quartic,300.0,2,300,2000,60.0,0,0.125,1024,0.5,0.8242920514982035,0.12230125673577574
quartic,300.0,2,300,2000,60.0,0,0.125,4096,0.5,0.8692559286527557,0.08846134114447246
quartic,300.0,2,300,2000,60.0,0,0.125,64,1.0,0.7672770311867672,0.09410828478818367
quartic,300.0,2,300,2000,60.0,0,0.125,256,1.0,0.788205517430951,0.052704282473809205
quartic,300.0,2,300,2000,60.0,0,0.125,1024,1.0,0.8120250427787696,0.05951250336428815
quartic,300.0,2,300,2000,60.0,0,0.125,4096,1.0,0.8427419340853322,0.1031262911635662
quartic,300.0,2,300,2000,60.0,1,0.125,64,0.25,0.7871397086578866,0.12838713272243196
quartic,300.0,2,300,2000,60.0,1,0.125,256,0.25,0.8041321316983643,0.1683343594110529
quartic,300.0,2,300,2000,60.0,1,0.125,1024,0.25,0.861137889968971,0.20635172881878772
quartic,300.0,2,300,2000,60.0,1,0.125,4096,0.25,0.8157306265324205,0.1344371418808622
quartic,300.0,2,300,2000,60.0,1,0.125,64,0.5,0.7483460347365689,0.08401022379689371
quartic,300.0,2,300,2000,60.0,1,0.125,256,0.5,0.78065032877289,0.11557439492233124
quartic,300.0,2,300,2000,60.0,1,0.125,1024,0.5,0.8129389544152961,0.1750768236447502
quartic,300.0,2,300,2000,60.0,1,0.125,4096,0.5,0.8843200759568817,0.10864097054015809
quartic,300.0,2,300,2000,60.0,1,0.125,64,1.0,0.7609314283296793,0.12707729682634927
quartic,300.0,2,300,2000,60.0,1,0.125,256,1.0,0.7857218284051304,0.08601839355413154
quartic,300.0,2,300,2000,60.0,1,0.125,1024,1.0,0.8178705214996433,0.06812562608785255
quartic,300.0,2,300,2000,60.0,1,0.125,4096,1.0,0.8592120092342002,0.0806442299518757
burgers,8.0,0,8,120,1.0,0,1.0,64,0.25,1.3893855125205992,0.7427839663627329
burgers,8.0,0,8,120,1.0,0,1.0,256,0.25,1.4720437361605596,0.388515552321687
burgers,8.0,0,8,120,1.0,0,1.0,1024,0.25,1.4127475630750979,0.5165785275921926
burgers,8.0,0,8,120,1.0,0,1.0,4096,0.25,1.4168065888303147,0.4079662505643544
burgers,8.0,0,8,120,1.0,0,1.0,64,0.5,1.5049723743039156,0.3090597958892931
burgers,8.0,0,8,120,1.0,0,1.0,256,0.5,1.5124507463314563,0.30179049536007496
burgers,8.0,0,8,120,1.0,0,1.0,1024,0.5,1.3682496750834618,0.3888463184989328
burgers,8.0,0,8,120,1.0,0,1.0,4096,0.5,1.5578004716319285,0.26621470268771996
burgers,8.0,0,8,120,1.0,0,1.0,64,1.0,1.4757775846138825,0.07213021582251611
burgers,8.0,0,8,120,1.0,0,1.0,256,1.0,1.497389183095313,0.03672146600513426
burgers,8.0,0,8,120,1.0,0,1.0,1024,1.0,1.4894089508830508,0.021842770526364408
burgers,8.0,0,8,120,1.0,0,1.0,4096,1.0,1.4877970814823973,0.009334638852426247
burgers,8.0,0,8,120,1.0,1,1.0,64,0.25,1.6015875240879491,0.8118898254796805
burgers,8.0,0,8,120,1.0,1,1.0,256,0.25,1.672203139277857,0.7872657369781408
burgers,8.0,0,8,120,1.0,1,1.0,1024,0.25,1.8312708216126306,0.4120534198166208
burgers,8.0,0,8,120,1.0,1,1.0,4096,0.25,1.722157597977354,0.7550449399822392
burgers,8.0,0,8,120,1.0,1,1.0,64,0.5,1.6628992295563778,0.25102086155840175
burgers,8.0,0,8,120,1.0,1,1.0,256,0.5,1.625328413581431,0.5676530396753754
burgers,8.0,0,8,120,1.0,1,1.0,1024,0.5,1.6748082418261376,0.46536491478258224
burgers,8.0,0,8,120,1.0,1,1.0,4096,0.5,1.8195311727704953,0.4425581572131223
burgers,8.0,0,8,120,1.0,1,1.0,64,1.0,1.6710301408418058,0.24969094902976297
burgers,8.0,0,8,120,1.0,1,1.0,256,1.0,1.6670995134570739,0.12179784724246567
burgers,8.0,0,8,120,1.0,1,1.0,1024,1.0,1.6861496434802152,0.07657996497243014
burgers,8.0,0,8,120,1.0,1,1.0,4096,1.0,1.6920293609945607,0.03267365442286452
burgers,8.0,1,8,120,1.0,0,1.0,64,0.25,2.564107822300284,1.5004198507267539
burgers,8.0,1,8,120,1.0,0,1.0,256,0.25,2.582758448844174,1.860987610748897
burgers,8.0,1,8,120,1.0,0,1.0,1024,0.25,2.3806545687143106,1.7911278445535355
burgers,8.0,1,8,120,1.0,0,1.0,4096,0.25,2.632503975216405,0.6576575994700522
burgers,8.0,1,8,120,1.0,0,1.0,64,0.5,2.572598237372963,0.6062308465521631
burgers,8.0,1,8,120,1.0,0,1.0,256,0.5,2.5107775981535645,0.42568249409249237
burgers,8.0,1,8,120,1.0,0,1.0,1024,0.5,2.7685039995600995,0.489308209193422
burgers,8.0,1,8,120,1.0,0,1.0,4096,0.5,2.5443021761817053,0.8623283313389187
burgers,8.0,1,8,120,1.0,0,1.0,64,1.0,2.61618633118939,0.02187341599053161
burgers,8.0,1,8,120,1.0,0,1.0,256,1.0,2.613664567334568,0.00944226631480305
burgers,8.0,1,8,120,1.0,0,1.0,1024,1.0,2.6141407099407217,0.007400599264253405
burgers,8.0,1,8,120,1.0,0,1.0,4096,1.0,2.6127094203554995,0.0024680358037447725
burgers,8.0,1,8,120,1.0,1,0.125,64,0.25,0.47938557444035534,0.37951109660926674
burgers,8.0,1,8,120,1.0,1,0.125,256,0.25,0.3778611009767854,0.31840503028907613
burgers,8.0,1,8,120,1.0,1,0.125,1024,0.25,0.46710165091840805,0.43308454414625186
burgers,8.0,1,8,120,1.0,1,0.125,4096,0.25,0.49382392203338066,0.3118125937635959
burgers,8.0,1,8,120,1.0,1,0.125,64,0.5,0.4132735409017173,0.15990910293973448
burgers,8.0,1,8,120,1.0,1,0.125,256,0.5,0.4208186825116692,0.14507854513849505
burgers,8.0,1,8,120,1.0,1,0.125,1024,0.5,0.40052551228753375,0.20190593112025623
burgers,8.0,1,8,120,1.0,1,0.125,4096,0.5,0.42492319148066127,0.15189270930705628
burgers,8.0,1,8,120,1.0,1,0.125,64,1.0,0.4170682527281099,0.005016697737640796
burgers,8.0,1,8,120,1.0,1,0.125,256,1.0,0.4177768184141425,0.0028339619048702303
burgers,8.0,1,8,120,1.0,1,0.125,1024,1.0,0.4173715862795988,0.0015757945384797245
burgers,8.0,1,8,120,1.0,1,0.125,4096,1.0,0.4176243917189719,0.000689305694771658
burgers,8.0,2,8,120,1.0,0,1.0,64,0.25,1.792682194473288,1.073249582400108
burgers,8.0,2,8,120,1.0,0,1.0,256,0.25,2.3289025815588382,1.0826257761421645
burgers,8.0,2,8,120,1.0,0,1.0,1024,0.25,2.0280756131046482,1.5034224593436794
burgers,8.0,2,8,120,1.0,0,1.0,4096,0.25,2.395614213923576,1.242153343231326
burgers,8.0,2,8,120,1.0,0,1.0,64,0.5,2.2304467992368764,0.7159798461260556
burgers,8.0,2,8,120,1.0,0,1.0,256,0.5,2.2053675370994332,0.5655796174748586
burgers,8.0,2,8,120,1.0,0,1.0,1024,0.5,2.266357979151273,0.6665116010552818
burgers,8.0,2,8,120,1.0,0,1.0,4096,0.5,2.2992631716400997,0.5994328869169132
burgers,8.0,2,8,120,1.0,0,1.0,64,1.0,2.2744736933175993,0.030753842463953962
burgers,8.0,2,8,120,1.0,0,1.0,256,1.0,2.271492890397286,0.018540691950518884
burgers,8.0,2,8,120,1.0,0,1.0,1024,1.0,2.2744020749576594,0.011801868647974167
burgers,8.0,2,8,120,1.0,0,1.0,4096,1.0,2.2732420409097465,0.0032883580177056615
burgers,8.0,2,8,120,1.0,1,1.0,64,0.25,1.7119095184123625,0.764878620845258
burgers,8.0,2,8,120,1.0,1,1.0,256,0.25,1.8860760842527866,0.656268765146258
burgers,8.0,2,8,120,1.0,1,1.0,1024,0.25,1.7538203142534865,0.45310488940150795
burgers,8.0,2,8,120,1.0,1,1.0,4096,0.25,1.7672153083694244,0.5217116328289924
burgers,8.0,2,8,120,1.0,1,1.0,64,0.5,1.661011590477927,0.3504369561546594
burgers,8.0,2,8,120,1.0,1,1.0,256,0.5,1.6040035730519555,0.48343724764449303
burgers,8.0,2,8,120,1.0,1,1.0,1024,0.5,1.7647522444754182,0.32820647296814
burgers,8.0,2,8,120,1.0,1,1.0,4096,0.5,1.6766242030599041,0.28876660892345485
burgers,8.0,2,8,120,1.0,1,1.0,64,1.0,1.7217365589010385,0.010268618456889866
burgers,8.0,2,8,120,1.0,1,1.0,256,1.0,1.7221636122772768,0.005112172469067255
burgers,8.0,2,8,120,1.0,1,1.0,1024,1.0,1.7205324651552854,0.0027690928329500153
burgers,8.0,2,8,120,1.0,1,1.0,4096,1.0,1.7207475847960128,0.0013526235118732632
burgers,80.0,0,80,120,10.0,0,0.125,64,0.25,0.20442428846764277,0.10872792475826146
burgers,80.0,0,80,120,10.0,0,0.125,256,0.25,0.19262990341715397,0.08676370068064945
burgers,80.0,0,80,120,10.0,0,0.125,1024,0.25,0.20559306422250234,0.0692413213126144
burgers,80.0,0,80,120,10.0,0,0.125,4096,0.25,0.19010194530130858,0.11847980601270758
burgers,80.0,0,80,120,10.0,0,0.125,64,0.5,0.2051354567872457,0.06546189286354082
burgers,80.0,0,80,120,10.0,0,0.125,256,0.5,0.20775278509800793,0.047072804845716354
burgers,80.0,0,80,120,10.0,0,0.125,1024,0.5,0.21146397222509228,0.04682298176162736
burgers,80.0,0,80,120,10.0,0,0.125,4096,0.5,0.1987549585787783,0.056483709241267194
burgers,80.0,0,80,120,10.0,0,0.125,64,1.0,0.2073883718334819,0.002779217247748572
burgers,80.0,0,80,120,10.0,0,0.125,256,1.0,0.208373139402252,0.002029008811409938
burgers,80.0,0,80,120,10.0,0,0.125,1024,1.0,0.20808044497871575,0.0008505163931530058
burgers,80.0,0,80,120,10.0,0,0.125,4096,1.0,0.20813700754418685,0.0003809031443671451
burgers,80.0,0,80,120,10.0,1,0.25,64,0.25,0.2095797528017076,0.1615934581630977
burgers,80.0,0,80,120,10.0,1,0.25,256,0.25,0.21156676903164168,0.109020288849145
burgers,80.0,0,80,120,10.0,1,0.25,1024,0.25,0.22106219525655674,0.094369028462334
burgers,80.0,0,80,120,10.0,1,0.25,4096,0.25,0.2007632937178142,0.11433543404589819
burgers,80.0,0,80,120,10.0,1,0.25,64,0.5,0.2104017771103448,0.054668953118361285
burgers,80.0,0,80,120,10.0,1,0.25,256,0.5,0.1838428048118969,0.09103701286335866
burgers,80.0,0,80,120,10.0,1,0.25,1024,0.5,0.20675905405575307,0.07909743070909003
burgers,80.0,0,80,120,10.0,1,0.25,4096,0.5,0.22777472411798488,0.07066025473050114
burgers,80.0,0,80,120,10.0,1,0.25,64,1.0,0.2038646300165762,0.02217955709461894
burgers,80.0,0,80,120,10.0,1,0.25,256,1.0,0.20469841021839896,0.008828468744107754
burgers,80.0,0,80,120,10.0,1,0.25,1024,1.0,0.20578055204240586,0.010716880082317526
burgers,80.0,0,80,120,10.0,1,0.25,4096,1.0,0.20651834823266269,0.006035373382190928
burgers,80.0,1,80,120,10.0,0,0.25,64,0.25,0.213787632387116,0.08006152838043512
burgers,80.0,1,80,120,10.0,0,0.25,256,0.25,0.2196434926997553,0.08723370049102747
burgers,80.0,1,80,120,10.0,0,0.25,1024,0.25,0.22448148676595153,0.061197911124608345
burgers,80.0,1,80,120,10.0,0,0.25,4096,0.25,0.2013377301328371,0.04640938709778736
burgers,80.0,1,80,120,10.0,0,0.25,64,0.5,0.21176545718345746,0.036253812180519845
burgers,80.0,1,80,120,10.0,0,0.25,256,0.5,0.22217094575645002,0.07396723965847207
burgers,80.0,1,80,120,10.0,0,0.25,1024,0.5,0.2059310606762973,0.06246619756206773
burgers,80.0,1,80,120,10.0,0,0.25,4096,0.5,0.2097019906484164,0.06860869467280775
burgers,80.0,1,80,120,10.0,0,0.25,64,1.0,0.2142571075977847,0.021365818558336802
burgers,80.0,1,80,120,10.0,0,0.25,256,1.0,0.215987768804559,0.0241406812839238
burgers,80.0,1,80,120,10.0,0,0.25,1024,1.0,0.2141476189061152,0.005300909904205453
burgers,80.0,1,80,120,10.0,0,0.25,4096,1.0,0.2135822314830062,0.002286681585143474
burgers,80.0,1,80,120,10.0,1,1.0,64,0.25,0.8453497748337411,0.3629976184771495
burgers,80.0,1,80,120,10.0,1,1.0,256,0.25,0.9137404186558111,0.39754109176858565
burgers,80.0,1,80,120,10.0,1,1.0,1024,0.25,0.9797558202695429,0.6749254549292079
burgers,80.0,1,80,120,10.0,1,1.0,4096,0.25,1.2710625048839037,0.4198358476542604
burgers,80.0,1,80,120,10.0,1,1.0,64,0.5,0.7683753875041562,0.32532165062648943
burgers,80.0,1,80,120,10.0,1,1.0,256,0.5,0.9379551001540133,0.39892719535712096
burgers,80.0,1,80,120,10.0,1,1.0,1024,0.5,1.0176905159197536,0.2535159256586875
burgers,80.0,1,80,120,10.0,1,1.0,4096,0.5,1.0730198980279897,0.40961175048465803
burgers,80.0,1,80,120,10.0,1,1.0,64,1.0,0.7419570591735731,0.3683095968447866
burgers,80.0,1,80,120,10.0,1,1.0,256,1.0,0.9394400078126088,0.30445392130841664
burgers,80.0,1,80,120,10.0,1,1.0,1024,1.0,1.0466939953553955,0.22638856614426373
burgers,80.0,1,80,120,10.0,1,1.0,4096,1.0,1.116291512029177,0.15749440941448567
burgers,80.0,2,80,120,10.0,0,1.0,64,0.25,0.9740740052948098,0.5486961660864247
burgers,80.0,2,80,120,10.0,0,1.0,256,0.25,0.9884439631580608,0.5596139973163206
burgers,80.0,2,80,120,10.0,0,1.0,1024,0.25,0.7903971928719469,0.5733563003909123
burgers,80.0,2,80,120,10.0,0,1.0,4096,0.25,0.8473638822896554,0.3554201280835695
burgers,80.0,2,80,120,10.0,0,1.0,64,0.5,0.9032569055199275,0.3290180559933762
burgers,80.0,2,80,120,10.0,0,1.0,256,0.5,0.9371155058667535,0.29506512445269106
burgers,80.0,2,80,120,10.0,0,1.0,1024,0.5,0.997770742128221,0.31565759321084896
burgers,80.0,2,80,120,10.0,0,1.0,4096,0.5,0.9485694486049208,0.2628796719713443
burgers,80.0,2,80,120,10.0,0,1.0,64,1.0,0.9607462855007411,0.19881766475382467
burgers,80.0,2,80,120,10.0,0,1.0,256,1.0,0.9550501693690812,0.09008585442569195
burgers,80.0,2,80,120,10.0,0,1.0,1024,1.0,0.9625762869910479,0.059278004403334195
burgers,80.0,2,80,120,10.0,0,1.0,4096,1.0,0.9707340790709655,0.01791725556876389
burgers,80.0,2,80,120,10.0,1,0.125,64,0.25,0.3798460263827543,0.240149927430837
burgers,80.0,2,80,120,10.0,1,0.125,256,0.25,0.3631909317913399,0.21676729584216736
burgers,80.0,2,80,120,10.0,1,0.125,1024,0.25,0.4075263501052238,0.1836794279018893
burgers,80.0,2,80,120,10.0,1,0.125,4096,0.25,0.40774708058325004,0.17839925074741447
burgers,80.0,2,80,120,10.0,1,0.125,64,0.5,0.3704058079392948,0.13945884044136947
burgers,80.0,2,80,120,10.0,1,0.125,256,0.5,0.37689177831359255,0.125931549493228
burgers,80.0,2,80,120,10.0,1,0.125,1024,0.5,0.38325314474327016,0.11834101699380667
burgers,80.0,2,80,120,10.0,1,0.125,4096,0.5,0.3748006685165751,0.052050872288668726
burgers,80.0,2,80,120,10.0,1,0.125,64,1.0,0.3971094692239052,0.037301214955616724
burgers,80.0,2,80,120,10.0,1,0.125,256,1.0,0.39019555217059754,0.019850283807359537
burgers,80.0,2,80,120,10.0,1,0.125,1024,1.0,0.39283928869921403,0.008038865295232844
burgers,80.0,2,80,120,10.0,1,0.125,4096,1.0,0.39298400533098454,0.00555257710392415
ace,1.5,0,52,300,1.4444444444444444,0,0.25,64,0.25,1.726939583993,0.41156611718444225
ace,1.5,0,52,300,1.4444444444444444,0,0.25,256,0.25,1.934438540526374,0.5858954310063762
ace,1.5,0,52,300,1.4444444444444444,0,0.25,1024,0.25,1.9507503963030774,0.6672508728704056
ace,1.5,0,52,300,1.4444444444444444,0,0.25,4096,0.25,2.0115603311009997,0.35119135595884887
ace,1.5,0,52,300,1.4444444444444444,0,0.25,64,0.5,1.8639392422581404,0.40282813291744035
ace,1.5,0,52,300,1.4444444444444444,0,0.25,256,0.5,1.8911475758670675,0.3204109436335889
ace,1.5,0,52,300,1.4444444444444444,0,0.25,1024,0.5,2.0035544218168004,0.42614260999352394
ace,1.5,0,52,300,1.4444444444444444,0,0.25,4096,0.5,2.043628771011882,0.25927050152723896
ace,1.5,0,52,300,1.4444444444444444,0,0.25,64,1.0,1.8253557207980062,0.31378466432673036
ace,1.5,0,52,300,1.4444444444444444,0,0.25,256,1.0,1.9276371626232094,0.27242521032957456
ace,1.5,0,52,300,1.4444444444444444,0,0.25,1024,1.0,2.082751684779608,0.26455793156295626
ace,1.5,0,52,300,1.4444444444444444,0,0.25,4096,1.0,2.120036281860596,0.19849340574225116
ace,1.5,0,52,300,1.4444444444444444,1,0.125,64,0.25,0.7530309488814118,0.2629499488672893
ace,1.5,0,52,300,1.4444444444444444,1,0.125,256,0.25,0.7437208967003678,0.30514994865625145
ace,1.5,0,52,300,1.4444444444444444,1,0.125,1024,0.25,0.7788106441300255,0.30640823042936116
ace,1.5,0,52,300,1.4444444444444444,1,0.125,4096,0.25,0.7952758362346799,0.20242540183507685
ace,1.5,0,52,300,1.4444444444444444,1,0.125,64,0.5,0.7903458607006121,0.2902814155792032
ace,1.5,0,52,300,1.4444444444444444,1,0.125,256,0.5,0.7590181136276459,0.21755542377817638
ace,1.5,0,52,300,1.4444444444444444,1,0.125,1024,0.5,0.790435690842161,0.13435861961482176
ace,1.5,0,52,300,1.4444444444444444,1,0.125,4096,0.5,0.7954527016824906,0.2640393483617667
ace,1.5,0,52,300,1.4444444444444444,1,0.125,64,1.0,0.8093035197148493,0.022610493289410116
ace,1.5,0,52,300,1.4444444444444444,1,0.125,256,1.0,0.8097188522791819,0.010041396922662926
ace,1.5,0,52,300,1.4444444444444444,1,0.125,1024,1.0,0.8076024631072893,0.0068456159130967364
ace,1.5,0,52,300,1.4444444444444444,1,0.125,4096,1.0,0.8082635107221386,0.0035697387665626357
ace,1.5,1,52,300,1.4444444444444444,0,1.0,64,0.25,1.7753105769521529,1.405015953211339
ace,1.5,1,52,300,1.4444444444444444,0,1.0,256,0.25,2.2251230244034446,0.9082463999780492
ace,1.5,1,52,300,1.4444444444444444,0,1.0,1024,0.25,2.2274963358261815,0.9352070509772441
ace,1.5,1,52,300,1.4444444444444444,0,1.0,4096,0.25,2.660979415633059,0.5360719734766777
ace,1.5,1,52,300,1.4444444444444444,0,1.0,64,0.5,1.8400562183225238,0.9458905856089268
ace,1.5,1,52,300,1.4444444444444444,0,1.0,256,0.5,2.1258602306293257,0.5925371489737006
ace,1.5,1,52,300,1.4444444444444444,0,1.0,1024,0.5,2.219490225418664,0.7643147844641576
ace,1.5,1,52,300,1.4444444444444444,0,1.0,4096,0.5,2.5359145775129237,0.797910374572675
ace,1.5,1,52,300,1.4444444444444444,0,1.0,64,1.0,1.9306234082664642,0.8881304791226168
ace,1.5,1,52,300,1.4444444444444444,0,1.0,256,1.0,2.292919103424623,0.8037136897318695
ace,1.5,1,52,300,1.4444444444444444,0,1.0,1024,1.0,2.446493528846587,0.40751975410231944
ace,1.5,1,52,300,1.4444444444444444,0,1.0,4096,1.0,2.4165141448552214,0.3642927625471133
ace,1.5,1,52,300,1.4444444444444444,1,1.0,64,0.25,5.015073436988656,0.36155571366121375
ace,1.5,1,52,300,1.4444444444444444,1,1.0,256,0.25,5.05846348160604,0.6568306562038275
ace,1.5,1,52,300,1.4444444444444444,1,1.0,1024,0.25,5.100424094686055,0.650130837651937
ace,1.5,1,52,300,1.4444444444444444,1,1.0,4096,0.25,5.090073231288303,0.5755593872210509
ace,1.5,1,52,300,1.4444444444444444,1,1.0,64,0.5,5.07366546061388,0.2914815216294109
ace,1.5,1,52,300,1.4444444444444444,1,1.0,256,0.5,5.094799323370123,0.33327229222750443
ace,1.5,1,52,300,1.4444444444444444,1,1.0,1024,0.5,5.096659219260609,0.24410621639801988
ace,1.5,1,52,300,1.4444444444444444,1,1.0,4096,0.5,5.106316431073122,0.30557708516991156
ace,1.5,1,52,300,1.4444444444444444,1,1.0,64,1.0,5.094832517161942,0.2298427236321574
ace,1.5,1,52,300,1.4444444444444444,1,1.0,256,1.0,5.089730489702898,0.14011782904366132
ace,1.5,1,52,300,1.4444444444444444,1,1.0,1024,1.0,5.104762162496362,0.06741894476612753
ace,1.5,1,52,300,1.4444444444444444,1,1.0,4096,1.0,5.117343875409881,0.012552628678048627
ace,1.5,2,52,300,1.4444444444444444,0,1.0,64,0.25,3.262421456201311,0.9392219227270906
ace,1.5,2,52,300,1.4444444444444444,0,1.0,256,0.25,3.7848384592517696,0.7888564742463275
ace,1.5,2,52,300,1.4444444444444444,0,1.0,1024,0.25,3.8136216322079184,0.5326372208238919
ace,1.5,2,52,300,1.4444444444444444,0,1.0,4096,0.25,3.951507522227181,0.41558906961096165
ace,1.5,2,52,300,1.4444444444444444,0,1.0,64,0.5,3.2888612555743215,0.9336162239855379
ace,1.5,2,52,300,1.4444444444444444,0,1.0,256,0.5,3.4130254251432657,0.44854482268004237
ace,1.5,2,52,300,1.4444444444444444,0,1.0,1024,0.5,3.899673412801487,0.6796618792088132
ace,1.5,2,52,300,1.4444444444444444,0,1.0,4096,0.5,3.8505338787308485,0.7091513465637331
ace,1.5,2,52,300,1.4444444444444444,0,1.0,64,1.0,3.1302266797261984,0.8002995578899714
ace,1.5,2,52,300,1.4444444444444444,0,1.0,256,1.0,3.575989355918334,0.5296130061169224
ace,1.5,2,52,300,1.4444444444444444,0,1.0,1024,1.0,3.769361572015394,0.3927114595222889
ace,1.5,2,52,300,1.4444444444444444,0,1.0,4096,1.0,3.886855177493685,0.4265180209512791
ace,1.5,2,52,300,1.4444444444444444,1,0.5,64,0.25,0.9296775362532739,0.47236971178421416
ace,1.5,2,52,300,1.4444444444444444,1,0.5,256,0.25,1.218346655333431,0.979424576377137
ace,1.5,2,52,300,1.4444444444444444,1,0.5,1024,0.25,1.156563496232259,0.8122685121589148
ace,1.5,2,52,300,1.4444444444444444,1,0.5,4096,0.25,1.3041791897103625,0.47490991623262047
ace,1.5,2,52,300,1.4444444444444444,1,0.5,64,0.5,1.044023235467959,0.28679839137886143
ace,1.5,2,52,300,1.4444444444444444,1,0.5,256,0.5,1.1259640728115228,0.40507467422310217
ace,1.5,2,52,300,1.4444444444444444,1,0.5,1024,0.5,1.2519877014756897,0.3997877441766231
ace,1.5,2,52,300,1.4444444444444444,1,0.5,4096,0.5,1.195656291807404,0.32194802899240926
ace,1.5,2,52,300,1.4444444444444444,1,0.5,64,1.0,1.0706280178347618,0.26339709571048486
ace,1.5,2,52,300,1.4444444444444444,1,0.5,256,1.0,1.1718025243004733,0.27705087425913355
ace,1.5,2,52,300,1.4444444444444444,1,0.5,1024,1.0,1.2242324768093678,0.1964223365920026
ace,1.5,2,52,300,1.4444444444444444,1,0.5,4096,1.0,1.2982021909222898,0.26626129560597733
ace,20.0,0,700,300,19.444444444444443,0,0.125,64,0.25,0.6427620024625114,0.48435147812370183
ace,20.0,0,700,300,19.444444444444443,0,0.125,256,0.25,0.7059440946550799,0.1979649862033649
ace,20.0,0,700,300,19.444444444444443,0,0.125,1024,0.25,0.694324706428946,0.26734948182884244
ace,20.0,0,700,300,19.444444444444443,0,0.125,4096,0.25,0.6844275412199322,0.3073337248714231
ace,20.0,0,700,300,19.444444444444443,0,0.125,64,0.5,0.692264364522356,0.19467148611958363
ace,20.0,0,700,300,19.444444444444443,0,0.125,256,0.5,0.6944932960031674,0.16682054664479962
ace,20.0,0,700,300,19.444444444444443,0,0.125,1024,0.5,0.6525678457036519,0.23846756577577644
ace,20.0,0,700,300,19.444444444444443,0,0.125,4096,0.5,0.7166738247736051,0.20937432542244572
ace,20.0,0,700,300,19.444444444444443,0,0.125,64,1.0,0.6719490387556621,0.06330226964846519
ace,20.0,0,700,300,19.444444444444443,0,0.125,256,1.0,0.6898020316493922,0.046099176206290116
ace,20.0,0,700,300,19.444444444444443,0,0.125,1024,1.0,0.7279862441059303,0.050434522782873414
ace,20.0,0,700,300,19.444444444444443,0,0.125,4096,1.0,0.735593201585256,0.041403212112519405
ace,20.0,0,700,300,19.444444444444443,1,0.125,64,0.25,0.6272374727566512,0.2853275757591885
ace,20.0,0,700,300,19.444444444444443,1,0.125,256,0.25,0.6185133479408144,0.17957433475045514
ace,20.0,0,700,300,19.444444444444443,1,0.125,1024,0.25,0.6476067571440691,0.2762492552958491
ace,20.0,0,700,300,19.444444444444443,1,0.125,4096,0.25,0.6931195441403288,0.2981259238020474
ace,20.0,0,700,300,19.444444444444443,1,0.125,64,0.5,0.6490833504916899,0.21325800473836887
ace,20.0,0,700,300,19.444444444444443,1,0.125,256,0.5,0.6333747301541728,0.12404760281384386
ace,20.0,0,700,300,19.444444444444443,1,0.125,1024,0.5,0.6848323145466,0.15618129367177092
ace,20.0,0,700,300,19.444444444444443,1,0.125,4096,0.5,0.7383770911214853,0.12267209974068027
ace,20.0,0,700,300,19.444444444444443,1,0.125,64,1.0,0.6272718300982553,0.06277857394147102
ace,20.0,0,700,300,19.444444444444443,1,0.125,256,1.0,0.6474236086936748,0.054664861707056644
ace,20.0,0,700,300,19.444444444444443,1,0.125,1024,1.0,0.6662436037950981,0.06528579828269776
ace,20.0,0,700,300,19.444444444444443,1,0.125,4096,1.0,0.6786259192860089,0.05172232697996859
ace,20.0,1,700,300,19.444444444444443,0,0.125,64,0.25,0.6288537568949664,0.2790477451618285
ace,20.0,1,700,300,19.444444444444443,0,0.125,256,0.25,0.6570029864586355,0.3288793637032128
ace,20.0,1,700,300,19.444444444444443,0,0.125,1024,0.25,0.6673912936381361,0.3316378856985196
ace,20.0,1,700,300,19.444444444444443,0,0.125,4096,0.25,0.7414409230315897,0.38961784329093885
ace,20.0,1,700,300,19.444444444444443,0,0.125,64,0.5,0.6573026506130029,0.1586720566272627
ace,20.0,1,700,300,19.444444444444443,0,0.125,256,0.5,0.7054413341166434,0.08665719479258283
ace,20.0,1,700,300,19.444444444444443,0,0.125,1024,0.5,0.6899466589650707,0.14701655328677343
ace,20.0,1,700,300,19.444444444444443,0,0.125,4096,0.5,0.7158401076109195,0.13218045658947553
ace,20.0,1,700,300,19.444444444444443,0,0.125,64,1.0,0.678738880135092,0.048939516373658676
ace,20.0,1,700,300,19.444444444444443,0,0.125,256,1.0,0.707760689417132,0.0899370183596232
ace,20.0,1,700,300,19.444444444444443,0,0.125,1024,1.0,0.7287505464373257,0.06845662481913073
ace,20.0,1,700,300,19.444444444444443,0,0.125,4096,1.0,0.7313698438357235,0.03827391529304558
ace,20.0,1,700,300,19.444444444444443,1,0.125,64,0.25,0.7330452733081556,0.23672776476160184
ace,20.0,1,700,300,19.444444444444443,1,0.125,256,0.25,0.6603250830234053,0.2334057555937289
ace,20.0,1,700,300,19.444444444444443,1,0.125,1024,0.25,0.66722577386854,0.334461703399264
ace,20.0,1,700,300,19.444444444444443,1,0.125,4096,0.25,0.6886596316345681,0.26481791067768257
ace,20.0,1,700,300,19.444444444444443,1,0.125,64,0.5,0.6519291206862314,0.18169022743754393
ace,20.0,1,700,300,19.444444444444443,1,0.125,256,0.5,0.6578707122360085,0.15711944736525363
ace,20.0,1,700,300,19.444444444444443,1,0.125,1024,0.5,0.6912101900756313,0.1857157448172715
ace,20.0,1,700,300,19.444444444444443,1,0.125,4096,0.5,0.7276348704137321,0.220692522998725
ace,20.0,1,700,300,19.444444444444443,1,0.125,64,1.0,0.6723761056591245,0.04071111277442896
ace,20.0,1,700,300,19.444444444444443,1,0.125,256,1.0,0.6807772543320474,0.05624815109113723
ace,20.0,1,700,300,19.444444444444443,1,0.125,1024,1.0,0.7070122777214898,0.06119714943877008
ace,20.0,1,700,300,19.444444444444443,1,0.125,4096,1.0,0.7187972941555664,0.024054852973679486
ace,20.0,2,700,300,19.444444444444443,0,0.5,64,0.25,1.120521911192402,0.9322428960436041
ace,20.0,2,700,300,19.444444444444443,0,0.5,256,0.25,1.3318976769615567,0.6532649784112396
ace,20.0,2,700,300,19.444444444444443,0,0.5,1024,0.25,1.4114378753517234,0.4539867677275222
ace,20.0,2,700,300,19.444444444444443,0,0.5,4096,0.25,1.7873184800527118,0.48143596975903735
ace,20.0,2,700,300,19.444444444444443,0,0.5,64,0.5,1.110089473590265,0.5858659753247352
ace,20.0,2,700,300,19.444444444444443,0,0.5,256,0.5,1.1399922881248736,0.3911064879913775
ace,20.0,2,700,300,19.444444444444443,0,0.5,1024,0.5,1.5750651463129803,0.7515373578616806
ace,20.0,2,700,300,19.444444444444443,0,0.5,4096,0.5,1.6630023447560998,0.48627632685794286
ace,20.0,2,700,300,19.444444444444443,0,0.5,64,1.0,1.0032723930810743,0.44662845845079235
ace,20.0,2,700,300,19.444444444444443,0,0.5,256,1.0,1.331707034801684,0.469872655095227
ace,20.0,2,700,300,19.444444444444443,0,0.5,1024,1.0,1.604401242478396,0.27893636183225357
ace,20.0,2,700,300,19.444444444444443,0,0.5,4096,1.0,1.7538421159405004,0.4860063807646118
ace,20.0,2,700,300,19.444444444444443,1,0.125,64,0.25,0.8777132688088891,0.4867202967387556
ace,20.0,2,700,300,19.444444444444443,1,0.125,256,0.25,0.8265902094994402,0.4091764418395383
ace,20.0,2,700,300,19.444444444444443,1,0.125,1024,0.25,0.8040152105607686,0.3173119958391081
ace,20.0,2,700,300,19.444444444444443,1,0.125,4096,0.25,0.9081224115006056,0.21873883995784849
ace,20.0,2,700,300,19.444444444444443,1,0.125,64,0.5,0.8007377643864269,0.26166860735165653
ace,20.0,2,700,300,19.444444444444443,1,0.125,256,0.5,0.7745231993335571,0.21118466779206402
ace,20.0,2,700,300,19.444444444444443,1,0.125,1024,0.5,0.8542581501012845,0.3633151224379706
ace,20.0,2,700,300,19.444444444444443,1,0.125,4096,0.5,0.8784093488465128,0.2534645155590384
ace,20.0,2,700,300,19.444444444444443,1,0.125,64,1.0,0.7833225070913725,0.055996180608907986
ace,20.0,2,700,300,19.444444444444443,1,0.125,256,1.0,0.8058299772943774,0.058906973820520125
ace,20.0,2,700,300,19.444444444444443,1,0.125,1024,1.0,0.8291138082928493,0.06438729516025465
ace,20.0,2,700,300,19.444444444444443,1,0.125,4096,1.0,0.8495218169198673,0.048297696134832147
